Id,Name,Mime type,Score,Deleted at,Library reference,Url,Checked on,AlternativeText:2,Contrast:2,HeadingsHigherLevel:3,HeadingsPresence:2,HeadingsSequential:3,HeadingsStartAtOne:3,HtmlBrokenLink:2,HtmlCaption:2,HtmlColorContrast:2,HtmlDefinitionList:3,HtmlEmptyHeading:2,HtmlEmptyTableHeader:2,HtmlHasLang:3,HtmlHeadingOrder:3,HtmlHeadingsPresence:2,HtmlHeadingsStart:2,HtmlImageAlt:2,HtmlImageRedundantAlt:3,HtmlLabel:2,HtmlLinkName:3,HtmlList:3,HtmlObjectAlt:2,HtmlTdHasHeader:2,HtmlTitle:3,ImageContrast:2,ImageDecorative:2,ImageDescription:2,ImageOcr:3,ImageSeizure:1,LanguageCorrect:3,LanguagePresence:3,Ocred:2,Parsable:1,Scanned:1,Security:1,TableHeaders:2,Tagged:2,Title:3
QzDB69ivWdlf3d9ifBKgUr3DgOjVxid9+beJg+bMmlA=,1.-Protect-Our-Pack-Task-Force-Presentation.pdf,application/pdf,0.5361625,,,https://draft-president.media.uconn.edu/wp-content/uploads/sites/3778/2024/01/1.-Protect-Our-Pack-Task-Force-Presentation.pdf,4/1/2022 20:16,1,0,0,0,0,0,0,0,0,0,0,0,0,0,0,0,0,0,0,0,0,0,0,0,0,0,0,0,0,0,0,0,0,0,0,0,0,0
zs7oY7soJ8b672uM9UdwQGLBjAge2Ni8G9whlvfC/90=,1211081.pdf,application/pdf,0.1165,,,https://draft-president.media.uconn.edu/wp-content/uploads/sites/3778/2024/01/1211081.pdf,3/15/2022 11:34,0,0,0,0,0,0,0,0,0,0,0,0,0,0,0,0,0,0,0,0,0,0,0,0,0,0,0,0,0,0,0,0,0,0,0,0,1,0
TVdFVnj+QbZjYFjVib9AqJWlSZOlb7eokZ8y+1hMttE=,2.-Womens-Center-Presidents-Taskforce-Presentation.pdf,application/pdf,0.596798525,,,https://draft-president.media.uconn.edu/wp-content/uploads/sites/3778/2024/01/2.-Womens-Center-Presidents-Taskforce-Presentation.pdf,4/1/2022 20:17,1,1,0,0,0,0,0,0,0,0,0,0,0,0,0,0,0,0,0,0,0,0,0,0,0,0,0,0,0,0,0,0,0,0,0,0,0,0
/eTqo4QW8iX8o0IDJtouEAZRtTdAH5FC6kpCCW1/rYE=,2008-Charitable-Campaign.pdf,application/pdf,0.078055,,,https://draft-president.media.uconn.edu/wp-content/uploads/sites/3778/2024/01/2008-Charitable-Campaign.pdf,3/15/2022 11:32,0,0,0,0,0,0,0,0,0,0,0,0,0,0,0,0,0,0,0,0,0,0,0,0,0,0,0,0,0,0,0,1,0,0,0,0,1,0
v6CWpvA3IN4rR5ioAR1NU07la0z+2dr4UBzb+n5D3Sg=,2013-01-17-SH-Sexual-Assault-Letter.pdf,application/pdf,0.0,,,https://draft-president.media.uconn.edu/wp-content/uploads/sites/3778/2024/01/2013-01-17-SH-Sexual-Assault-Letter.pdf,3/15/2022 11:31,0,0,0,0,0,0,0,0,0,0,0,0,0,0,0,0,0,0,0,0,0,0,0,0,0,0,0,0,0,0,0,0,0,1,0,0,0,0
3WSYfoqlqd8GOeAZiK98YzGeYNiaWdq9jsExXkt6D+Q=,2013-04-26-SH-Statement-on-Student-Freedom-of-Expression.pdf,application/pdf,0.0,,,https://president.media.uconn.edu/wp-content/uploads/sites/2794/2019/05/2013-04-26-SH-Statement-on-Student-Freedom-of-Expression.pdf,12/24/2023 20:34,0,0,0,0,0,0,0,0,0,0,0,0,0,0,0,0,0,0,0,0,0,0,0,0,0,0,0,0,0,0,0,0,0,1,0,0,0,0
vvRisqL6j/tMJMlYiAsIXtEih1CNqplPB7MqQnOD2LI=,2014-02-07-Civility-Task-Force-Message-to-Campus-signed.pdf,application/pdf,0.505132564,,,https://draft-president.media.uconn.edu/wp-content/uploads/sites/3778/2024/01/2014-02-07-Civility-Task-Force-Message-to-Campus-signed.pdf,3/15/2022 11:33,1,1,0,0,0,0,0,0,0,0,0,0,0,0,0,0,0,0,0,0,0,0,0,0,0,0,0,0,0,0,0,0,0,0,0,0,0,1
mlVWlG9yV1hFbOvxY8tWVvDlrmSMOZJH/o3lZtWSqVU=,2014-06-UConn-Ombuds-Charter-Amended.pdf,application/pdf,0.069,,,https://draft-president.media.uconn.edu/wp-content/uploads/sites/3778/2024/01/2014-06-UConn-Ombuds-Charter-Amended.pdf,3/15/2022 11:32,0,0,0,0,0,0,0,0,0,0,0,0,0,0,0,0,0,0,0,0,0,0,0,0,0,0,0,0,0,0,1,0,0,0,0,0,1,0
/O515ynxYvvRDURAWeEQPNj1XcsAasqU8XF9a4QcmD4=,2014-09-25-Letter-to-SFS.pdf,application/pdf,0.0,,,https://draft-president.media.uconn.edu/wp-content/uploads/sites/3778/2024/01/2014-09-25-Letter-to-SFS.pdf,3/15/2022 11:34,0,0,0,0,0,0,0,0,0,0,0,0,0,0,0,0,0,0,0,0,0,0,0,0,0,0,0,0,0,0,0,0,0,1,0,0,0,0
uLhPQINx6sMhgvIHCtClYbzBs/HE1uvRmK5i533DoNM=,2014-10-16-SH-State-of-the-University-FINAL.pdf,application/pdf,0.5171625,,,https://draft-president.media.uconn.edu/wp-content/uploads/sites/3778/2024/01/2014-10-16-SH-State-of-the-University-FINAL.pdf,3/15/2022 11:34,0,0,0,1,0,0,0,0,0,0,0,0,0,0,0,0,0,0,0,0,0,0,0,0,0,0,0,0,0,0,0,0,0,0,0,0,0,1
ufpW/omXh0C9vCZJKk21m1mRbp73V25DSBe7V4D15ZQ=,2014-11-19-Herbst-Letter-to-the-Community.pdf,application/pdf,0.0,,,https://draft-president.media.uconn.edu/wp-content/uploads/sites/3778/2024/01/2014-11-19-Herbst-Letter-to-the-Community.pdf,3/15/2022 11:34,0,0,0,0,0,0,0,0,0,0,0,0,0,0,0,0,0,0,0,0,0,0,0,0,0,0,0,0,0,0,0,0,0,1,0,0,0,0
D4mybhisBQ68y7xr8EOvIzT2UxQidY9IWumcqZKo0/E=,2015-08-Diversity-Report.pdf,application/pdf,0.454607978,,,https://draft-president.media.uconn.edu/wp-content/uploads/sites/3778/2024/01/2015-08-Diversity-Report.pdf,9/11/2019 7:33,1,1,0,0,1,0,0,0,0,0,0,0,0,0,0,0,0,0,0,0,0,0,0,0,0,0,0,0,0,0,0,0,0,0,0,1,0,1
pl4PrLPYR+dCBJfY4pvx/sD3HkqowCq80be4fbDVAHw=,2015-12-31-Diversity-Council-REVISED.pdf,application/pdf,0.9905,,,https://draft-president.media.uconn.edu/wp-content/uploads/sites/3778/2024/01/2015-12-31-Diversity-Council-REVISED.pdf,3/15/2022 11:34,0,0,0,0,0,0,0,0,0,0,0,0,0,0,0,0,0,0,0,0,0,0,0,0,0,0,0,0,0,0,0,0,0,0,0,0,0,1
4lg8j9BzERMI3olsYizDhl8WlIJXsOH8zf3NzFgK+mw=,2016-11-16-Thanksgiving-Memo-to-UConn-Community.pdf,application/pdf,0.910856164,,,https://draft-president.media.uconn.edu/wp-content/uploads/sites/3778/2024/01/2016-11-16-Thanksgiving-Memo-to-UConn-Community.pdf,3/15/2022 11:31,0,1,0,0,0,0,0,0,0,0,0,0,0,0,0,0,0,0,0,0,0,0,0,0,0,0,0,0,0,0,0,0,0,0,0,0,0,1
fvwB0Lkd5zPQ4gshGUCSBoyNOgd5DnVc7OgiSqAYMcw=,2016-12-06-Herbst-Letter-to-the-Community.pdf,application/pdf,0.309588914,,,https://draft-president.media.uconn.edu/wp-content/uploads/sites/3778/2024/01/2016-12-06-Herbst-Letter-to-the-Community.pdf,9/11/2019 0:01,1,1,0,1,0,0,0,0,0,0,0,0,0,0,0,0,0,0,0,0,0,0,0,0,0,0,0,0,0,0,0,0,0,0,0,0,0,1
rDuFuxB/WP0DLHNKKTJB4Lp3qflAz1nHF/kjhg/6CJE=,2017-02-02-Herbst-Message-to-the-Community.pdf,application/pdf,0.909208099,,,https://draft-president.media.uconn.edu/wp-content/uploads/sites/3778/2024/01/2017-02-02-Herbst-Message-to-the-Community.pdf,9/11/2019 4:32,0,1,0,0,0,0,0,0,0,0,0,0,0,0,0,0,0,0,0,0,0,0,0,0,0,0,0,0,0,0,0,0,0,0,0,0,0,1
0TS5ebBCA7A2czuR9XfjXOkzCiTKwCxTLtAsbJKnWNU=,2017-08-16-Message-to-the-Community-Charlotsville.pdf,application/pdf,0.489928812,,,https://draft-president.media.uconn.edu/wp-content/uploads/sites/3778/2024/01/2017-08-16-Message-to-the-Community-Charlotsville.pdf,3/15/2022 11:34,1,1,0,0,0,0,0,0,0,0,0,0,0,0,0,0,0,0,0,0,0,0,0,0,0,0,0,0,0,0,0,0,0,0,0,0,0,1
93/ejcVFdGG79tZsDmhBRPwg0hehR/cqDxUYnrkbjeM=,2017-08-29-Herbst-Welcome-Message-to-the-Community.pdf,application/pdf,0.298883747,,,https://draft-president.media.uconn.edu/wp-content/uploads/sites/3778/2024/01/2017-08-29-Herbst-Welcome-Message-to-the-Community.pdf,9/11/2019 4:53,1,1,0,1,0,0,0,0,0,0,0,0,0,0,0,0,0,0,0,0,0,0,0,0,0,0,0,0,0,0,0,0,0,0,0,0,0,1
CkMoL7T2N30OLqmg+Opv5QDAhhEGH6THJ+vOjkrVwbo=,2019-Chief-Diversity-Officer-Search.pdf,application/pdf,0.981,,,https://draft-president.media.uconn.edu/wp-content/uploads/sites/3778/2024/01/2019-Chief-Diversity-Officer-Search.pdf,6/6/2020 17:18,0,0,0,0,0,0,0,0,0,0,0,0,0,0,0,0,0,0,0,0,0,0,0,0,0,0,0,0,0,0,0,0,0,0,0,0,0,1
UQ1luN17KL0qAx6QxT+cW7v9GKDWy8Hv9mU08V0j7UY=,2019-Committee-Presidents-Council-Race-Diversity.pdf,application/pdf,0.981,,,https://draft-president.media.uconn.edu/wp-content/uploads/sites/3778/2024/01/2019-Committee-Presidents-Council-Race-Diversity.pdf,6/6/2020 17:15,0,0,0,0,0,0,0,0,0,0,0,0,0,0,0,0,0,0,0,0,0,0,0,0,0,0,0,0,0,0,0,0,0,0,0,0,0,1
y0R2ljy1VBHtuFV1rNF3mTxAlCXCSYbmFFMapGQh6Kg=,2019-Day-One.pdf,application/pdf,0.981,,,https://draft-president.media.uconn.edu/wp-content/uploads/sites/3778/2024/01/2019-Day-One.pdf,6/6/2020 17:33,0,0,0,0,0,0,0,0,0,0,0,0,0,0,0,0,0,0,0,0,0,0,0,0,0,0,0,0,0,0,0,0,0,0,0,0,0,1
O9YfzfoAj0pWBLdb++Gp/r7TdH4x5Mxp0WeQ5weK7sQ=,2019-Employee-Townhall.pdf,application/pdf,0.981,,,https://draft-president.media.uconn.edu/wp-content/uploads/sites/3778/2024/01/2019-Employee-Townhall.pdf,6/6/2020 17:17,0,0,0,0,0,0,0,0,0,0,0,0,0,0,0,0,0,0,0,0,0,0,0,0,0,0,0,0,0,0,0,0,0,0,0,0,0,1
2xDq6lD+RsHXZUvq2KhRLnOpt5gXj0FgRGqLHYO8Wjs=,2019-Happy-holidays-fromUConn.pdf,application/pdf,0.981,,,https://draft-president.media.uconn.edu/wp-content/uploads/sites/3778/2024/01/2019-Happy-holidays-fromUConn.pdf,6/6/2020 17:19,0,0,0,0,0,0,0,0,0,0,0,0,0,0,0,0,0,0,0,0,0,0,0,0,0,0,0,0,0,0,0,0,0,0,0,0,0,1
3miiyb5/fZIT+9EKKf7hL50d9wR09yJl3i98jXm3Mzw=,2019-Provost-Search-Committee-V2.pdf,application/pdf,0.069,,,https://draft-president.media.uconn.edu/wp-content/uploads/sites/3778/2024/01/2019-Provost-Search-Committee-V2.pdf,12/5/2019 3:41,0,0,0,0,0,0,0,0,0,0,0,0,0,0,0,0,0,0,0,0,0,0,0,0,0,0,0,0,0,0,1,0,0,0,0,0,1,0
1NEo5dPKKqIMPdn6RCfl0ws/txHnzfGcDoN4yCIFrTM=,2019-Provost-Search-Committee.pdf,application/pdf,0.069,,,https://draft-president.media.uconn.edu/wp-content/uploads/sites/3778/2024/01/2019-Provost-Search-Committee.pdf,9/18/2019 8:42,0,0,0,0,0,0,0,0,0,0,0,0,0,0,0,0,0,0,0,0,0,0,0,0,0,0,0,0,0,0,1,0,0,0,0,0,1,0
z1pFfQ/C6ygCVntVgMEe+TZFqLodwl1AoLYI1lbere8=,2019-UConn-Student-Named-Rhodes-Scholar.pdf,application/pdf,0.981,,,https://draft-president.media.uconn.edu/wp-content/uploads/sites/3778/2024/01/2019-UConn-Student-Named-Rhodes-Scholar.pdf,6/6/2020 17:17,0,0,0,0,0,0,0,0,0,0,0,0,0,0,0,0,0,0,0,0,0,0,0,0,0,0,0,0,0,0,0,0,0,0,0,0,0,1
9K5hHbsw87BV2wp+giAB7kXQxEpvZTu8ASe79n4vLpQ=,2020-07-24-Defund-UConn-Police-1.pdf,application/pdf,0.068124791,,,https://draft-president.media.uconn.edu/wp-content/uploads/sites/3778/2024/01/2020-07-24-Defund-UConn-Police-1.pdf,9/6/2020 10:23,0,1,0,0,0,0,0,0,0,0,0,0,0,0,0,0,0,0,0,0,0,0,0,0,0,0,0,0,0,0,1,0,0,0,0,0,1,0
v0OBs/Xpag9/zkz3Qp9zPwTiaw+ZEyG9r0qFdHF+/Os=,2020-10-21-Proposal-to-Admit-for-Fixed-Period-of-Stay.pdf,application/pdf,0.068119753,,,https://draft-president.media.uconn.edu/wp-content/uploads/sites/3778/2024/01/2020-10-21-Proposal-to-Admit-for-Fixed-Period-of-Stay.pdf,11/12/2020 11:12,0,1,0,0,0,0,0,0,0,0,0,0,0,0,0,0,0,0,0,0,0,0,0,0,0,0,0,0,0,0,1,0,0,0,0,0,1,0
sS1fB0e49i+QDDihtu8DhBOIkCPZAULVpQj4tGV7Ftg=,2020-Mental-Health-Wellbeing-Our-Students.pdf,application/pdf,0.981,,,https://draft-president.media.uconn.edu/wp-content/uploads/sites/3778/2024/01/2020-Mental-Health-Wellbeing-Our-Students.pdf,6/6/2020 17:17,0,0,0,0,0,0,0,0,0,0,0,0,0,0,0,0,0,0,0,0,0,0,0,0,0,0,0,0,0,0,0,0,0,0,0,0,0,1
d7dUlOVXXV8esgKEPQyz0GnsOs2Lky9otIdW5kb3DA8=,2020-Preparing-COVID19.pdf,application/pdf,0.981,,,https://draft-president.media.uconn.edu/wp-content/uploads/sites/3778/2024/01/2020-Preparing-COVID19.pdf,6/6/2020 17:16,0,0,0,0,0,0,0,0,0,0,0,0,0,0,0,0,0,0,0,0,0,0,0,0,0,0,0,0,0,0,0,0,0,0,0,0,0,1
Fc3Z59mMqIYmetiQlWJaCYcpMqWJ9COxPyEw9s5Q2n4=,2020-Provost-Law-Dean-Annoucement.pdf,application/pdf,0.981,,,https://draft-president.media.uconn.edu/wp-content/uploads/sites/3778/2024/01/2020-Provost-Law-Dean-Annoucement.pdf,6/6/2020 17:19,0,0,0,0,0,0,0,0,0,0,0,0,0,0,0,0,0,0,0,0,0,0,0,0,0,0,0,0,0,0,0,0,0,0,0,0,0,1
hzt6z1F6O601PPn5ptRBjAZ2LYnLFHCMLXtzovb0uIs=,2020-Reminder-SeekingYourBestIdeas.pdf,application/pdf,0.981,,,https://draft-president.media.uconn.edu/wp-content/uploads/sites/3778/2024/01/2020-Reminder-SeekingYourBestIdeas.pdf,6/6/2020 17:19,0,0,0,0,0,0,0,0,0,0,0,0,0,0,0,0,0,0,0,0,0,0,0,0,0,0,0,0,0,0,0,0,0,0,0,0,0,1
1E6Gk8t+7zUEhtZ4dD/3kwPEVbH6xdrem/FPJPs/zFM=,2020-Virtual-Townhall-International-Students.pdf,application/pdf,0.981,,,https://draft-president.media.uconn.edu/wp-content/uploads/sites/3778/2024/01/2020-Virtual-Townhall-International-Students.pdf,6/6/2020 17:15,0,0,0,0,0,0,0,0,0,0,0,0,0,0,0,0,0,0,0,0,0,0,0,0,0,0,0,0,0,0,0,0,0,0,0,0,0,1
FAa0JiHACIilxyuQWHp3gMegUKFI9tmIN63uMX+Uta4=,2021-03-30-Bias-Incident-Letter.pdf,application/pdf,0.9905,,,https://draft-president.media.uconn.edu/wp-content/uploads/sites/3778/2024/01/2021-03-30-Bias-Incident-Letter.pdf,4/7/2021 2:18,0,0,0,0,0,0,0,0,0,0,0,0,0,0,0,0,0,0,0,0,0,0,0,0,0,0,0,0,0,0,0,0,0,0,0,0,0,1
mF7WBt4tfU6rq+FPv/rj6cRxBwHlcvkQSyFqjRgp60w=,2022-03-28-Library-Incident.pdf,application/pdf,1.0,,,https://draft-president.media.uconn.edu/wp-content/uploads/sites/3778/2024/01/2022-03-28-Library-Incident.pdf,3/18/2024 12:48,0,0,0,0,0,0,0,0,0,0,0,0,0,0,0,0,0,0,0,0,0,0,0,0,0,0,0,0,0,0,0,0,0,0,0,0,0,0
4rRwyMKBw+0WKdk1ZyejCkiIkMrk/Ua88xS8ApYBT+M=,2022-12-7-Who-We-Are-BOT-Meeting-v2_12-12-22.pdf,application/pdf,0.964466482,,,https://draft-president.media.uconn.edu/wp-content/uploads/sites/3778/2024/01/2022-12-7-Who-We-Are-BOT-Meeting-v2_12-12-22.pdf,3/18/2024 13:53,1,1,0,0,0,0,0,0,0,0,0,0,0,0,0,0,0,0,0,0,0,0,0,0,0,0,0,0,0,0,0,0,0,0,0,0,0,0
ihs4uQPuIhjA23FRCNGFR2fH2JLS8AMV3EtU8AjyHi8=,2024-Sustainability-Action-Plan-Final.pdf,application/pdf,1.0,,,https://president.media.uconn.edu/wp-content/uploads/sites/3778/2024/02/2024-Sustainability-Action-Plan-Final.pdf,3/27/2024 15:59,0,0,0,0,0,0,0,0,0,0,0,0,0,0,0,0,0,0,0,0,0,0,0,0,0,0,0,0,0,0,0,0,0,0,0,0,0,0
exs0K57mQKbJokn68UABhqRRjZN0bGSJVOLYReNOi2s=,3.-SAHT-Overview.pdf,application/pdf,0.533042073,,,https://draft-president.media.uconn.edu/wp-content/uploads/sites/3778/2024/01/3.-SAHT-Overview.pdf,4/1/2022 20:16,1,1,0,0,0,0,0,0,0,0,0,0,0,0,0,0,0,0,0,0,0,0,0,0,0,0,0,0,0,0,0,0,0,0,0,0,0,0
lNW/OETjMmGfqSFsr/ygE5tQQ3F1f9J7dVq8ZCDIatM=,4.-U-Got-This-Task-Force-Presentation.pdf,application/pdf,0.506981825,,,https://draft-president.media.uconn.edu/wp-content/uploads/sites/3778/2024/01/4.-U-Got-This-Task-Force-Presentation.pdf,4/1/2022 20:16,1,1,0,0,0,1,0,0,0,0,0,0,0,0,0,0,0,0,0,0,0,0,0,0,0,0,0,0,0,0,0,0,0,0,0,0,0,0
UMzqcDA3iU+MmS+u3d1fKpx+cvjuBrEbIBBYN2CBs7M=,A-Message-to-the-UConn-Community-11-20-2020.pdf,application/pdf,0.9905,,,https://draft-president.media.uconn.edu/wp-content/uploads/sites/3778/2024/01/A-Message-to-the-UConn-Community-11-20-2020.pdf,11/24/2020 5:03,0,0,0,0,0,0,0,0,0,0,0,0,0,0,0,0,0,0,0,0,0,0,0,0,0,0,0,0,0,0,0,0,0,0,0,0,0,1
SYBIjRBkbV2lOV/NVWYI29EiWQNOXaN+iE+vywjWi0U=,A-Z Index | Office of the President,application/x-page,0.998780488,,,https://president.uconn.edu/a-z-index,11/27/2023 17:57,0,0,0,0,0,0,0,1,0,0,0,0,0,0,0,0,0,0,0,1,0,0,0,0,0,0,0,0,0,0,0,0,0,0,0,0,0,0
ZFGmXo8mBPct7VD9Za4PbC+ePij4XOuTICUcu10Rl10=,A-Z Index | Office of the President,application/x-page,1.0,,,https://president.uconn.edu/a-z-index/,5/6/2024 4:26,0,0,0,0,0,0,0,0,0,0,0,0,0,0,0,0,0,0,0,0,0,0,0,0,0,0,0,0,0,0,0,0,0,0,0,0,0,0
HY9wExhoNRfYdX3bJ0n3EbUkdB2kR1Ex8MMyc08ZCsE=,Academic-Planning-Fall-2020.pdf,application/pdf,0.981,,,https://draft-president.media.uconn.edu/wp-content/uploads/sites/3778/2024/01/Academic-Planning-Fall-2020.pdf,6/6/2020 17:18,0,0,0,0,0,0,0,0,0,0,0,0,0,0,0,0,0,0,0,0,0,0,0,0,0,0,0,0,0,0,0,0,0,0,0,0,0,1
BWEvo7lAvIagZ0L81EPMwSyvaCl16b3EWnEBzrdOJO0=,AdditRescisFY09.pdf,application/pdf,0.1165,,,https://draft-president.media.uconn.edu/wp-content/uploads/sites/3778/2024/01/AdditRescisFY09.pdf,3/15/2022 11:33,0,0,0,0,0,0,0,0,0,0,0,0,0,0,0,0,0,0,0,0,0,0,0,0,0,0,0,0,0,0,0,0,0,0,0,0,1,0
JhNGHAIUsqDUswu+AwEz9XrS/QkDMt0Gend2gC9+31Y=,Agenda-Presidents-Working-Group-Sustainability-the-Environment-01.24.20.pdf,application/pdf,0.505075639,,,https://draft-president.media.uconn.edu/wp-content/uploads/sites/3778/2024/01/Agenda-Presidents-Working-Group-Sustainability-the-Environment-01.24.20.pdf,3/18/2020 6:35,1,1,0,0,0,0,0,0,0,0,0,0,0,0,0,0,0,0,0,0,0,0,0,0,0,0,0,0,0,0,0,0,0,0,0,1,0,1
WlpBAoNqERs7GtiLrv4If25AVAfS5PZzZxQs0v0dTgk=,Agenda-Presidents-Working-Group-Sustainability-the-Environment-12-6-19.pdf,application/pdf,0.9905,,,https://draft-president.media.uconn.edu/wp-content/uploads/sites/3778/2024/01/Agenda-Presidents-Working-Group-Sustainability-the-Environment-12-6-19.pdf,3/18/2020 6:36,0,0,0,0,0,0,0,0,0,0,0,0,0,0,0,0,0,0,0,0,0,0,0,0,0,0,0,0,0,0,0,0,0,0,0,0,0,1
t0S2ce8156ELQ5F52gfV995ncXoI5/VtuyFXk0hdwmI=,Agnes Lipinski | Office of the President,application/x-page,1.0,,,https://president.uconn.edu/person/agnes-lipinski/,5/6/2024 4:26,0,0,0,0,0,0,0,0,0,0,0,0,0,0,0,0,0,0,0,0,0,0,0,0,0,0,0,0,0,0,0,0,0,0,0,0,0,0
UhorEKabVleYSMQDfhVdbqXtaHFD7Q2fS/+C5QuxnQ0=,Announce_51210.pdf,application/pdf,0.069,,,https://draft-president.media.uconn.edu/wp-content/uploads/sites/3778/2024/01/Announce_51210.pdf,3/15/2022 11:31,0,0,0,0,0,0,0,0,0,0,0,0,0,0,0,0,0,0,0,0,0,0,0,0,0,0,0,0,0,0,1,0,0,0,0,0,1,0
6weFqJHTt9DLZ0tN53BnLPWk7S8zCT153OEVOvLXqnY=,Biography | Office of the President,application/x-page,1.0,,,https://president.uconn.edu/biography/,5/6/2024 4:25,0,0,0,0,0,0,0,0,0,0,0,0,0,0,0,0,0,0,0,0,0,0,0,0,0,0,0,0,0,0,0,0,0,0,0,0,0,0
6GxvH90utQDOtHeu3eoi41wJSOQAFJ3BcAQWbb6u+4s=,Blank Template | Office of the President,application/x-page,0.998,,,https://president.uconn.edu/blank-template-example/,5/6/2024 4:25,0,0,0,0,0,0,0,0,0,0,0,0,0,1,0,0,0,0,0,0,0,0,0,0,0,0,0,0,0,0,0,0,0,0,0,0,0,0
J6937mBpE++ZrDDXQrayriCtbs4Jf/BHd9NxZgbchhM=,Blank | Office of the President,application/x-page,1.0,,,https://president.uconn.edu/blank/,5/6/2024 4:25,0,0,0,0,0,0,0,0,0,0,0,0,0,0,0,0,0,0,0,0,0,0,0,0,0,0,0,0,0,0,0,0,0,0,0,0,0,0
Kp7sPkP2bpAINuVnaqbxkbsZKECAJOduownyDncbh/k=,Budget101308.pdf,application/pdf,0.1165,,,https://draft-president.media.uconn.edu/wp-content/uploads/sites/3778/2024/01/Budget101308.pdf,3/15/2022 11:34,0,0,0,0,0,0,0,0,0,0,0,0,0,0,0,0,0,0,0,0,0,0,0,0,0,0,0,0,0,0,0,0,0,0,0,0,1,0
HmyPZPyRqo0IPUSlb27z4NnVyi2PEn5sgNz/tBnaZKg=,CNTF-Wk1.pdf,application/pdf,0.05,,,https://draft-president.media.uconn.edu/wp-content/uploads/sites/3778/2024/01/CNTF-Wk1.pdf,5/9/2023 9:28,0,1,0,0,0,0,0,0,0,0,0,0,0,0,0,0,0,0,0,0,0,0,0,0,0,0,0,0,0,0,1,0,0,0,0,0,1,1
i4JB+u2MA6vhG4UZ/W3AAQouA39iM9zpN5E+TGPUpNE=,CNTF-Wk2.pdf,application/pdf,0.068073765,,,https://draft-president.media.uconn.edu/wp-content/uploads/sites/3778/2024/01/CNTF-Wk2.pdf,5/9/2023 9:28,0,1,0,0,0,0,0,0,0,0,0,0,0,0,0,0,0,0,0,0,0,0,0,0,0,0,0,0,0,0,1,0,0,0,0,0,1,0
13zG5vQTo6XiOayjm112o9jOpMk081Pt1pXBkBQQ8vY=,CNTF-Wk3.pdf,application/pdf,0.064643026,,,https://draft-president.media.uconn.edu/wp-content/uploads/sites/3778/2024/01/CNTF-Wk3.pdf,5/9/2023 9:28,0,1,0,0,0,0,0,0,0,0,0,0,0,0,0,0,0,0,0,0,0,0,0,0,0,0,0,0,0,0,1,0,0,0,0,0,1,0
62uJhk9mBCC2a52XSV0PFUgfx1FFKLVxW25gwJVyTJ4=,CNTF-Wk4.pdf,application/pdf,0.067564201,,,https://draft-president.media.uconn.edu/wp-content/uploads/sites/3778/2024/01/CNTF-Wk4.pdf,5/9/2023 9:28,0,1,0,0,0,0,0,0,0,0,0,0,0,0,0,0,0,0,0,0,0,0,0,0,0,0,0,0,0,0,1,0,0,0,0,0,1,0
ig+XrEqQftR5OpvLcZxExHE/C/8PYlJOZth88qAyefM=,CNTF-Wk5.pdf,application/pdf,0.068615265,,,https://draft-president.media.uconn.edu/wp-content/uploads/sites/3778/2024/01/CNTF-Wk5.pdf,5/9/2023 9:29,0,1,0,0,0,0,0,0,0,0,0,0,0,0,0,0,0,0,0,0,0,0,0,0,0,0,0,0,0,0,1,0,0,0,0,0,1,0
jGFau++ejehH8Ad9OvPM1VhwASmtZl9k95PkhKaV4lA=,CNTF-Wk6-1.pdf,application/pdf,0.068911102,,,https://draft-president.media.uconn.edu/wp-content/uploads/sites/3778/2024/01/CNTF-Wk6-1.pdf,2/18/2024 19:17,0,1,0,0,0,0,0,0,0,0,0,0,0,0,0,0,0,0,0,0,0,0,0,0,0,0,0,0,0,0,1,0,0,0,0,0,1,0
DRLrvFqfz9elmLSaDiBstxWEFLcOqsDjT+QejF4LXfw=,CNTF_Wk7_Geothermal.pdf,application/pdf,0.999157801,,,https://draft-president.media.uconn.edu/wp-content/uploads/sites/3778/2024/01/CNTF_Wk7_Geothermal.pdf,5/9/2023 9:28,0,1,0,0,0,0,0,0,0,0,0,0,0,0,0,0,0,0,0,0,0,0,0,0,0,0,0,0,0,0,0,0,0,0,0,0,0,0
4D+8WrIQ/21SnWcMgIchKLh5/+uzUqXegjgnB7G8dyE=,CORE_TaskForce_Charge.pdf,application/pdf,0.078055,,,https://draft-president.media.uconn.edu/wp-content/uploads/sites/3778/2024/01/CORE_TaskForce_Charge.pdf,3/15/2022 11:31,0,0,0,0,0,0,0,0,0,0,0,0,0,0,0,0,0,0,0,0,0,0,0,0,0,0,0,0,0,0,0,1,0,0,0,0,1,0
c8jae9xRx6bFbz+7sYOE2zabei9diXffAlm+8rt6LVw=,CRWG-Wk-8.pdf,application/pdf,0.815954416,,,https://draft-president.media.uconn.edu/wp-content/uploads/sites/3778/2024/01/CRWG-Wk-8.pdf,5/9/2023 9:28,0,1,0,0,0,0,0,0,0,0,0,0,0,0,0,0,0,0,0,0,0,0,0,0,0,0,0,0,0,0,0,0,0,0,0,0,0,0
Ah5M3EtZf0vI3tCQhNay4H8RbBjJ847HdwfX+C5QGfI=,Campus-Civility-Events-2015.pdf,application/pdf,0.5171625,,,https://draft-president.media.uconn.edu/wp-content/uploads/sites/3778/2024/01/Campus-Civility-Events-2015.pdf,3/15/2022 11:34,0,0,0,1,0,0,0,0,0,0,0,0,0,0,0,0,0,0,0,0,0,0,0,0,0,0,0,0,0,0,0,0,0,0,0,0,0,1
+SOEPTMgcp+ZxWMZF0xHLTAO50FviA9ceywGsCv3svA=,Cara Workman | Office of the President,application/x-page,1.0,,,https://president.uconn.edu/person/cara-workman/,4/28/2024 22:09,0,0,0,0,0,0,0,0,0,0,0,0,0,0,0,0,0,0,0,0,0,0,0,0,0,0,0,0,0,0,0,0,0,0,0,0,0,0
F/fXJ5XSQEBy4wg8FeYkZImKyA1RhQp8BzFIrjdPiIk=,Carbon Reduction Working Group | Office of the President,application/x-page,0.998823529,,,https://president.uconn.edu/communications/carbon-reduction-working-group/,5/6/2024 4:27,0,0,0,0,0,0,0,1,0,0,0,0,0,1,0,0,0,0,0,0,0,0,0,0,0,0,0,0,0,0,0,0,0,0,0,0,0,0
9o+AXxbBvc8U0aK0VWiHBtUK1UQxQ7Fkiffvxwd5HIU=,Carbon-Coffee-Hour-Science-One-Tour-October-2023.pdf,application/pdf,0.0,,,https://draft-president.media.uconn.edu/wp-content/uploads/sites/3778/2024/01/Carbon-Coffee-Hour-Science-One-Tour-October-2023.pdf,12/16/2023 9:15,0,0,0,0,0,0,0,0,0,0,0,0,0,0,0,0,0,0,0,0,0,0,0,0,0,0,0,0,0,0,0,0,0,1,0,0,0,0
j3HQkK8aMZH8CBWBnzCwbm95fakgVRwVwEHWDC9gQ04=,Carbon-Coffee-Hour-Supplying-UConns-Energy-October-2023.pdf,application/pdf,0.0,,,https://draft-president.media.uconn.edu/wp-content/uploads/sites/3778/2024/01/Carbon-Coffee-Hour-Supplying-UConns-Energy-October-2023.pdf,12/16/2023 9:16,0,0,0,0,0,0,0,0,0,0,0,0,0,0,0,0,0,0,0,0,0,0,0,0,0,0,0,0,0,0,0,0,0,1,0,0,0,0
bMJU3VR4eP1+kVLUxiS2v3d8KdouN5H6xEPvOsI1/Vs=,Carbon-Emissions-and-Reductions-at-UConn-01.24.20.pdf,application/pdf,0.481187701,,,https://draft-president.media.uconn.edu/wp-content/uploads/sites/3778/2024/01/Carbon-Emissions-and-Reductions-at-UConn-01.24.20.pdf,3/18/2020 6:34,1,1,0,0,0,0,0,0,0,0,0,0,0,0,0,0,0,0,0,0,0,0,0,0,0,0,0,0,0,0,0,0,0,0,0,1,0,0
Of/syNLP2anJp6J6nd/wL6L0znXB8MElh3N6cINkpT4=,Celebrating-Our-Husky-Pride.pdf,application/pdf,0.95361625,,,https://president.media.uconn.edu/wp-content/uploads/sites/3778/2024/04/Celebrating-Our-Husky-Pride.pdf,4/7/2024 19:36,0,0,0,0,0,1,0,0,0,0,0,0,0,0,0,0,0,0,0,0,0,0,0,0,0,0,0,0,0,0,0,0,0,0,0,0,0,0
GdxjIB3sS3tDw1vSbO2tLt1K6geUuq6BBADjq/arH2c=,Changes-to-the-Spring-22-Semester.pdf,application/pdf,1.0,,,https://draft-president.media.uconn.edu/wp-content/uploads/sites/3778/2024/01/Changes-to-the-Spring-22-Semester.pdf,3/25/2024 15:15,0,0,0,0,0,0,0,0,0,0,0,0,0,0,0,0,0,0,0,0,0,0,0,0,0,0,0,0,0,0,0,0,0,0,0,0,0,0
Nd6JEtK1KA482UwL2UAr41PzpB2gobe/sKNRHDWWVyw=,Charge-Presidents-Working-Group-01.21.19.pdf,application/pdf,0.9905,,,https://draft-president.media.uconn.edu/wp-content/uploads/sites/3778/2024/01/Charge-Presidents-Working-Group-01.21.19.pdf,3/18/2020 6:36,0,0,0,0,0,0,0,0,0,0,0,0,0,0,0,0,0,0,0,0,0,0,0,0,0,0,0,0,0,0,0,0,0,0,0,0,0,1
A2YfnoHM2G5WlqnxNno0/z5Y6ZhsSAZvBV4QOTfuQNw=,Chief-Diversity-Officer-Search-Committee-2019-1.pdf,application/pdf,0.359428571,,,https://draft-president.media.uconn.edu/wp-content/uploads/sites/3778/2024/01/Chief-Diversity-Officer-Search-Committee-2019-1.pdf,12/5/2019 3:39,1,0,0,1,0,0,0,0,0,0,0,0,0,0,0,0,0,0,0,0,0,0,0,0,0,0,0,0,0,0,0,0,0,0,0,1,0,1
8aGXeaIzVKDk7wcvnFwlACoU1sCmbKWFTxxGqLPh9PY=,Civility-and-Campus-Culture-Message-to-Pres-FINAL-1.pdf,application/pdf,0.5171625,,,https://draft-president.media.uconn.edu/wp-content/uploads/sites/3778/2024/01/Civility-and-Campus-Culture-Message-to-Pres-FINAL-1.pdf,3/15/2022 11:31,0,0,0,1,0,0,0,0,0,0,0,0,0,0,0,0,0,0,0,0,0,0,0,0,0,0,0,0,0,0,0,0,0,0,0,0,0,1
tuNaePcJtdGcMYCNZNbLX0iBlND+QXNBLLiU8jTivio=,Civility-and-Campus-Culture-with-charge.pdf,application/pdf,0.319389271,,,https://draft-president.media.uconn.edu/wp-content/uploads/sites/3778/2024/01/Civility-and-Campus-Culture-with-charge.pdf,3/15/2022 11:34,1,1,0,1,0,0,0,0,0,0,0,0,0,0,0,0,0,0,0,0,0,0,0,0,0,0,0,0,0,0,0,0,0,0,0,0,0,1
oJ7MRu3HnDN1gX6mv90giZwo5P4B+6Xu/6Kdrkz6zYA=,Climate-Action-and-Sustainability.docx,application/vnd.openxmlformats-officedocument.wordprocessingml.document,0.5261875,,,https://draft-president.media.uconn.edu/wp-content/uploads/sites/3778/2024/01/Climate-Action-and-Sustainability.docx,10/30/2022 13:28,0,0,0,1,0,0,0,0,0,0,0,0,0,0,0,0,0,0,0,0,0,0,0,0,0,0,0,0,0,0,0,0,0,0,0,0,0,0
qCka8k2QhPshKqWycEXLZ8FeGL3tLrrikc68LJF3Cq0=,Climate-Action-at-UConn-01.24.20.pdf,application/pdf,0.601773487,,,https://draft-president.media.uconn.edu/wp-content/uploads/sites/3778/2024/01/Climate-Action-at-UConn-01.24.20.pdf,3/18/2020 6:37,1,1,0,0,0,0,0,0,0,0,0,0,0,0,0,0,0,0,0,0,0,0,0,0,0,0,0,0,0,0,0,0,0,0,0,0,0,0
2dGQRKTwhClGvV/Uq2n1zJQfqE/xEj/Wjx8tvpX1fno=,Code-of-Conduct.pdf,application/pdf,0.490206841,,,https://draft-president.media.uconn.edu/wp-content/uploads/sites/3778/2024/01/Code-of-Conduct.pdf,3/15/2022 11:34,1,1,0,0,0,0,0,0,0,0,0,0,0,0,0,0,0,0,0,0,0,0,0,0,0,0,0,0,0,0,0,0,0,0,0,0,0,0
PuFrmQtO25FkA33tPA2xWrcfDi+tluXbIi1ZHDOEmBg=,Coffee-Hour-March-2-2023.pdf,application/pdf,0.102231801,,,https://draft-president.media.uconn.edu/wp-content/uploads/sites/3778/2024/01/Coffee-Hour-March-2-2023.pdf,5/9/2023 9:28,0,1,0,0,0,0,0,0,0,0,0,0,0,0,0,0,0,0,0,0,0,0,0,0,0,0,0,0,0,0,0,0,0,0,0,0,1,0
aYg9OdEpwP05Flx44APnCiiLroPsv4rr/EW0WUDZm48=,Combating Sexual Violence Supporting Our Students | Office of the President,application/x-page,0.998780488,,,https://president.uconn.edu/communications/combating-sexual-violence-supporting-our-students/,11/27/2023 17:57,0,0,0,0,0,0,0,1,0,0,0,0,0,0,0,0,0,0,0,1,0,0,0,0,0,0,0,0,0,0,0,0,0,0,0,0,0,0
c7ZvlgGSfUnjC/4+zIIoqs2NQIW5jsuzfCCjQuirMJ0=,Commemorating-International-Human-Rights-Day.pdf,application/pdf,0.9905,,,https://draft-president.media.uconn.edu/wp-content/uploads/sites/3778/2024/01/Commemorating-International-Human-Rights-Day.pdf,12/15/2020 5:48,0,0,0,0,0,0,0,0,0,0,0,0,0,0,0,0,0,0,0,0,0,0,0,0,0,0,0,0,0,0,0,0,0,0,0,0,0,1
4c/ApejlzCxCaSZiwUqgqrECws9ebnYhmwYaNWFRX9I=,Communications Archive | Office of the President,application/x-page,0.998888889,,,https://president.uconn.edu/communications/communications-archive/,5/6/2024 12:34,0,0,0,0,0,0,0,0,0,0,0,0,0,1,0,0,0,0,0,0,0,0,0,0,0,0,0,0,0,0,0,0,0,0,0,0,0,0
994OrsH3Xjneq60oBrxc0HPNA4RRPBY74YJqAdmha2g=,Communications | Office of the President,application/x-page,0.998823529,,,https://president.uconn.edu/communications/,5/6/2024 4:25,0,0,0,0,0,0,0,1,0,0,0,0,0,1,0,0,0,0,0,0,0,0,0,0,0,0,0,0,0,0,0,0,0,0,0,0,0,0
WY8pyUWA1DK6ESZpjW+toFmd1Yds0+/jnoZBaA8InUA=,Connecticut-Hydrogen-Task-Force-Study-FINAL.pdf,application/pdf,0.094771406,,,https://draft-president.media.uconn.edu/wp-content/uploads/sites/3778/2024/01/Connecticut-Hydrogen-Task-Force-Study-FINAL.pdf,5/9/2023 9:29,0,1,0,0,0,0,0,0,0,0,0,0,0,0,0,0,0,0,0,0,0,0,0,0,0,0,0,0,0,0,0,0,0,0,0,0,1,1
95GLMjHB5HVObibc1nvSwT6pQE9GVJ7xpJyhYeTt0i4=,Contact the Office of the President | Office of the President,application/x-page,0.996299694,,,https://president.uconn.edu/contact,4/29/2024 2:57,0,0,0,0,0,0,0,0,0,0,0,0,0,1,0,0,0,0,1,0,0,0,0,0,0,0,0,0,0,0,0,0,0,0,0,0,0,0
AfQI0eC5jqL+oyyAwhf6p2NPIUlMd+Xz0Xr8HwZ9+Ws=,Contact the Office of the President | Office of the President,application/x-page,0.996299694,,,https://president.uconn.edu/contact/,5/6/2024 4:26,0,0,0,0,0,0,0,0,0,0,0,0,0,1,0,0,0,0,1,0,0,0,0,0,0,0,0,0,0,0,0,0,0,0,0,0,0,0
gadzYSh6knLCZNUH71qW4exNcjLCphTI0arziAUWUaQ=,DI-Events-Fall-2016.pdf,application/pdf,0.744901474,,,https://draft-president.media.uconn.edu/wp-content/uploads/sites/3778/2024/01/DI-Events-Fall-2016.pdf,3/15/2022 11:31,0,1,0,0,0,0,0,0,0,0,0,0,0,0,0,0,0,0,0,0,0,0,0,0,0,0,0,0,0,0,0,0,0,0,0,1,0,1
Pt2+sZuCuRcz2J4notfT4PoNyYrq69TbagG2j9Z73Ws=,Design Examples | Office of the President,application/x-page,0.998,,,https://president.uconn.edu/design-examples/,5/6/2024 4:25,0,0,0,0,0,0,0,0,0,0,0,0,0,1,0,0,0,0,0,0,0,0,0,0,0,0,0,0,0,0,0,0,0,0,0,0,0,0
Sz6+J2vqy15GaBH+0XOWEnJSfaiQQOlei0QxKTxGE10=,Events | Office of the President,application/x-page,0.9995,,,https://president.uconn.edu/events/,5/6/2024 4:26,0,0,0,0,0,0,0,0,0,0,0,0,0,1,0,0,0,0,0,0,0,0,0,0,0,0,0,0,0,0,0,0,0,0,0,0,0,0
yLy6crt2mQXrlDGs9dZsEE/JG6rYmwqzBIH5JI3WjKw=,FDS-2022-Infographic.pdf,application/pdf,0.888528897,,,https://draft-president.media.uconn.edu/wp-content/uploads/sites/3778/2024/01/FDS-2022-Infographic.pdf,3/25/2024 15:15,0,1,0,0,0,0,0,0,0,0,0,0,0,0,0,0,0,0,0,0,0,0,0,0,0,0,0,0,0,0,0,0,0,0,0,0,0,0
h/DppC4bJPLVPABLbqiDeomONeMl6CSxX8T//xTKiNg=,FINAL-REPORT-Committee-on-Civil-Discourse-and-Dialogue.pdf,application/pdf,0.2742,,,https://draft-president.media.uconn.edu/wp-content/uploads/sites/3778/2024/01/FINAL-REPORT-Committee-on-Civil-Discourse-and-Dialogue.pdf,3/15/2022 11:36,1,0,0,1,0,0,0,0,0,0,0,0,0,0,0,0,0,0,0,0,0,0,0,0,0,0,0,0,0,0,0,0,0,0,0,1,0,1
CgzTV/6wSwFQ01HGUi4s9oZ0g3pQ/6EoN9LwG01eDrM=,FINAL-REPORT-Free-Speech-Task-Force.pdf,application/pdf,0.5171625,,,https://draft-president.media.uconn.edu/wp-content/uploads/sites/3778/2024/01/FINAL-REPORT-Free-Speech-Task-Force.pdf,10/20/2020 20:30,0,0,0,1,0,0,0,0,0,0,0,0,0,0,0,0,0,0,0,0,0,0,0,0,0,0,0,0,0,0,0,0,0,0,0,0,0,1
4KfeAmEGZS9MK68V5E30K6cakqf0DLpRY4u1Y4Z2Xp8=,FINAL-to-TK_CT-UConn-Declaration-SEVP-Litigation_7.10-1.pdf,application/pdf,0.069,,,https://draft-president.media.uconn.edu/wp-content/uploads/sites/3778/2024/01/FINAL-to-TK_CT-UConn-Declaration-SEVP-Litigation_7.10-1.pdf,8/31/2020 14:08,0,0,0,0,0,0,0,0,0,0,0,0,0,0,0,0,0,0,0,0,0,0,0,0,0,0,0,0,0,0,1,0,0,0,0,0,1,0
a4hEMeF/O+90zKgL3nvG/CE+WUWWkD4bB5Bss87+aMY=,FT-Provosts-Message-2020-DEI-_-FINAL.docx,application/vnd.openxmlformats-officedocument.wordprocessingml.document,0.5261875,,,https://draft-president.media.uconn.edu/wp-content/uploads/sites/3778/2024/01/FT-Provosts-Message-2020-DEI-_-FINAL.docx,9/6/2020 10:16,0,0,0,1,0,0,0,0,0,0,0,0,0,0,0,0,0,0,0,0,0,0,0,0,0,0,0,0,0,0,0,0,0,0,0,0,0,0
cG4EHy/R4L1I7Hmqqhr+DWr3PAEjel+ep9bcFR+73Vw=,Fall-2021-Semester-Update.pdf,application/pdf,1.0,,,https://draft-president.media.uconn.edu/wp-content/uploads/sites/3778/2024/01/Fall-2021-Semester-Update.pdf,3/18/2024 12:47,0,0,0,0,0,0,0,0,0,0,0,0,0,0,0,0,0,0,0,0,0,0,0,0,0,0,0,0,0,0,0,0,0,0,0,0,0,0
zN9IjuN284kD9yDrB8N+oi+zVaprAGCLl7r81prcPm4=,First-Year-1.pdf,application/pdf,0.491893917,,,https://draft-president.media.uconn.edu/wp-content/uploads/sites/3778/2024/01/First-Year-1.pdf,9/6/2020 10:18,0,1,0,1,0,0,0,0,0,0,0,0,0,0,0,0,0,0,0,0,0,0,0,0,0,0,0,0,0,0,0,0,0,0,0,0,0,1
919P3R/hgjpO9KB9ffwgp1IeRaSfxQrJUmD1xf1LrSM=,Form | Office of the President,application/x-page,0.993333333,,,https://president.uconn.edu/form/,5/6/2024 12:43,0,0,0,0,0,0,0,0,0,0,0,0,0,1,0,0,0,0,0,0,0,0,0,0,0,0,0,0,0,0,0,0,0,0,0,0,0,0
zMBNeWsls73slYhlhARuQhzXgU1klTfwExzxZFtnHk0=,Hang-in-There-Huskies.pdf,application/pdf,0.9905,,,https://draft-president.media.uconn.edu/wp-content/uploads/sites/3778/2024/01/Hang-in-There-Huskies.pdf,11/12/2020 11:12,0,0,0,0,0,0,0,0,0,0,0,0,0,0,0,0,0,0,0,0,0,0,0,0,0,0,0,0,0,0,0,0,0,0,0,0,0,1
ODmk2VN3uXqnyOJY/cavYAWBNWKNlpvp22PZ6+aWtAU=,Healthcare-Worker-Support-Note.pdf,application/pdf,0.981,,,https://draft-president.media.uconn.edu/wp-content/uploads/sites/3778/2024/01/Healthcare-Worker-Support-Note.pdf,6/6/2020 17:18,0,0,0,0,0,0,0,0,0,0,0,0,0,0,0,0,0,0,0,0,0,0,0,0,0,0,0,0,0,0,0,0,0,0,0,0,0,1
8s0cgCDQqhNamwHVFSpgCqvGL6DFwdZOeoozMw27ZeE=,History | Office of the President,application/x-page,0.998780488,,,https://president.uconn.edu/history/,11/27/2023 17:57,0,0,0,0,0,0,0,1,0,0,0,0,0,0,0,0,0,0,0,1,0,0,0,0,0,0,0,0,0,0,0,0,0,0,0,0,0,0
UzCNCTqspG06hJIxmKleTvlFgj6FDurcUD5goF1ysAg=,Home | Office of the President,application/x-page,1.0,,,https://president.uconn.edu,5/6/2024 12:33,0,0,0,0,0,0,0,0,0,0,0,0,0,0,0,0,0,0,0,0,0,0,0,0,0,0,0,0,0,0,0,0,0,0,0,0,0,0
oW4U2Nb+2s17FFGDU03+QTWt71j3isyChYLPTmgpCd4=,Home | Office of the President,application/x-page,1.0,,,http://president.uconn.edu/,5/6/2024 4:25,0,0,0,0,0,0,0,0,0,0,0,0,0,0,0,0,0,0,0,0,0,0,0,0,0,0,0,0,0,0,0,0,0,0,0,0,0,0
m1g+zuOFZkVlQl8IiuwKfzwQb6pNQRBmLiKK1n4NQzg=,Immediate-Actions-on-Policing-1.pdf,application/pdf,0.9905,,,https://draft-president.media.uconn.edu/wp-content/uploads/sites/3778/2024/01/Immediate-Actions-on-Policing-1.pdf,11/24/2020 4:57,0,0,0,0,0,0,0,0,0,0,0,0,0,0,0,0,0,0,0,0,0,0,0,0,0,0,0,0,0,0,0,0,0,0,0,0,0,1
f+Cp19mmnzPwdnyl+JQO0S5igNIuaznupk+kT8b97s4=,Important-Information-for-Students-Voting-in-Connecticut.pdf,application/pdf,0.9905,,,https://draft-president.media.uconn.edu/wp-content/uploads/sites/3778/2024/01/Important-Information-for-Students-Voting-in-Connecticut.pdf,11/12/2020 15:55,0,0,0,0,0,0,0,0,0,0,0,0,0,0,0,0,0,0,0,0,0,0,0,0,0,0,0,0,0,0,0,0,0,0,0,0,0,1
cqAEUWMXhyuisqxBICunrTldThekxsLCgZ19Bs08Vbk=,Inauguration_091611.pdf,application/pdf,0.5361625,,,https://draft-president.media.uconn.edu/wp-content/uploads/sites/3778/2024/01/Inauguration_091611.pdf,3/15/2022 11:34,0,0,0,1,0,0,0,0,0,0,0,0,0,0,0,0,0,0,0,0,0,0,0,0,0,0,0,0,0,0,0,0,0,0,0,0,0,0
lETy3xnwTgJ5K/9xhB70U57AsbTwiiS9LRePT445OXg=,Jennifer Burckardt | Office of the President,application/x-page,1.0,,,https://president.uconn.edu/person/jennifer-burckardt/,5/6/2024 4:25,0,0,0,0,0,0,0,0,0,0,0,0,0,0,0,0,0,0,0,0,0,0,0,0,0,0,0,0,0,0,0,0,0,0,0,0,0,0
aUtt4b+JxobbM6EjyVjq544H3iC3nRHQBNdNbzi/mN8=,Jonathan the Husky | Office of the President,application/x-page,1.0,,,https://president.uconn.edu/person/jonathan-the-husky/,4/29/2024 3:00,0,0,0,0,0,0,0,0,0,0,0,0,0,0,0,0,0,0,0,0,0,0,0,0,0,0,0,0,0,0,0,0,0,0,0,0,0,0
elVy7smBjQwIIlRbVn+9pU2UTHbxVczl0FQ5BZlh3Bw=,Katsouleas-Message-to-Community-_-Swastika-arrest-_-4.29.21.pdf,application/pdf,0.981,,,https://draft-president.media.uconn.edu/wp-content/uploads/sites/3778/2024/01/Katsouleas-Message-to-Community-_-Swastika-arrest-_-4.29.21.pdf,5/5/2021 3:21,0,0,0,0,0,0,0,0,0,0,0,0,0,0,0,0,0,0,0,0,0,0,0,0,0,0,0,0,0,0,0,0,0,0,0,0,0,1
+dPRnGuR1Rv6RA3hL1xtK/0l1hM594LewwJtic7TAvI=,Letter-to-community-re-Chauvin-verdict-_-4.20.21.pdf,application/pdf,0.9905,,,https://draft-president.media.uconn.edu/wp-content/uploads/sites/3778/2024/01/Letter-to-community-re-Chauvin-verdict-_-4.20.21.pdf,4/28/2021 1:39,0,0,0,0,0,0,0,0,0,0,0,0,0,0,0,0,0,0,0,0,0,0,0,0,0,0,0,0,0,0,0,0,0,0,0,0,0,1
yHJ8LmGSz0ryxpfLaWti4eqmxizLtpACN9UkHrox2FA=,Lillian Bosques | Office of the President,application/x-page,1.0,,,https://president.uconn.edu/person/lillian-bosques/,4/28/2024 22:09,0,0,0,0,0,0,0,0,0,0,0,0,0,0,0,0,0,0,0,0,0,0,0,0,0,0,0,0,0,0,0,0,0,0,0,0,0,0
W734LXVoF7Gv7yuMclHyY4XWsxgw7uErzd2M6mlrRj4=,Maric_220201a054-1-scaled.jpg,image/jpeg,1.0,,,https://draft-president.media.uconn.edu/wp-content/uploads/sites/3778/2024/01/Maric_220201a054-1-scaled.jpg,2/18/2024 19:28,0,0,0,0,0,0,0,0,0,0,0,0,0,0,0,0,0,0,0,0,0,0,0,0,0,0,0,0,0,0,0,0,0,0,0,0,0,0
Z47bfItj9QvqqqTqwVI+qWeLRBc1gFnwbI25TUG2Og8=,Maryann Markowski | Office of the President,application/x-page,1.0,,,https://president.uconn.edu/person/maryann-markowski/,5/6/2024 4:25,0,0,0,0,0,0,0,0,0,0,0,0,0,0,0,0,0,0,0,0,0,0,0,0,0,0,0,0,0,0,0,0,0,0,0,0,0,0
incF7/0LFCxcZ1GhXGGe3bn08XJnOoLlvKj0ZQdcF4s=,Master-Recommendation-Chart-with-Updates-2.16.23.pdf,application/pdf,0.519976284,,,https://studentlife.uconn.edu/wp-content/uploads/sites/810/2023/02/Master-Recommendation-Chart-with-Updates-2.16.23.pdf,3/6/2023 12:27,0,1,0,1,0,0,0,0,0,0,0,0,0,0,0,0,0,0,0,0,0,0,0,0,0,0,0,0,0,0,0,0,0,0,0,0,0,1
gav0quUvdxZKG0AW8oX+s0fZXyeoWCl5xiystUZV7M8=,Meeting-1-Facilities-Operations-Project-Updates-and-Student-Updates.pdf,application/pdf,0.697791276,,,https://draft-president.media.uconn.edu/wp-content/uploads/sites/3778/2024/01/Meeting-1-Facilities-Operations-Project-Updates-and-Student-Updates.pdf,12/16/2023 9:16,1,1,0,0,0,0,0,0,0,0,0,0,0,0,0,0,0,0,0,0,0,0,0,0,0,0,0,0,0,0,0,0,0,0,0,0,0,0
Z5UsO6jcNSVdrk8cqlr5yMoaWDM0YAUcxWn92t0rhRA=,Meeting-2-Carbon-Offsets.pdf,application/pdf,0.869356152,,,https://draft-president.media.uconn.edu/wp-content/uploads/sites/3778/2024/01/Meeting-2-Carbon-Offsets.pdf,12/16/2023 9:15,1,1,0,0,0,0,0,0,0,0,0,0,0,0,0,0,0,0,0,0,0,0,0,0,0,0,0,0,0,0,0,0,0,0,0,0,0,0
JJqVKOtvS6GNXIXMwaFNjMjCBmwqtACBafm0pjY2HXQ=,Meeting-3-C2E2-Seminar-Announcment_Dr-Elango-Elangovan.pdf,application/pdf,0.660637163,,,https://draft-president.media.uconn.edu/wp-content/uploads/sites/3778/2024/01/Meeting-3-C2E2-Seminar-Announcment_Dr-Elango-Elangovan.pdf,11/15/2023 15:52,1,1,0,0,0,0,0,0,0,0,0,0,0,0,0,0,0,0,0,0,0,0,0,0,0,0,0,0,0,0,0,0,0,0,0,0,0,1
MyiI+L4kVg4cv4oluFRatXXeeL0bdezP1rf1J2hkSXA=,Meeting-4-UPDC-Focus-on-Sustainability.pdf,application/pdf,0.922248816,,,https://draft-president.media.uconn.edu/wp-content/uploads/sites/3778/2024/01/Meeting-4-UPDC-Focus-on-Sustainability.pdf,12/16/2023 9:10,1,1,0,0,0,0,0,0,0,0,0,0,0,0,0,0,0,0,0,0,0,0,0,0,0,0,0,0,0,0,0,0,0,0,0,0,0,0
3RE6KZhG6AZsEjpL3p+h3ztUnyRjIG/7Y8HwsIxARlg=,Meeting-of-the-Board-of-Trustees-2-5-19-1.pdf,application/pdf,0.069,,,https://draft-president.media.uconn.edu/wp-content/uploads/sites/3778/2024/02/Meeting-of-the-Board-of-Trustees-2-5-19-1.pdf,9/11/2019 2:31,0,0,0,0,0,0,0,0,0,0,0,0,0,0,0,0,0,0,0,0,0,0,0,0,0,0,0,0,0,0,1,0,0,0,0,0,1,0
AhPj/W/SZvCNfwXs/r0QRuDBBBCbx/gFYaecO+jOH0E=,Member-List-Sustainability-and-the-Environment-Working-Group.pdf,application/pdf,0.9905,,,https://draft-president.media.uconn.edu/wp-content/uploads/sites/3778/2024/01/Member-List-Sustainability-and-the-Environment-Working-Group.pdf,3/18/2020 6:37,0,0,0,0,0,0,0,0,0,0,0,0,0,0,0,0,0,0,0,0,0,0,0,0,0,0,0,0,0,0,0,0,0,0,0,0,0,1
BpW54QNepZzZUnugXPAoBy3QEj6F+5BZVucGc8yM0JY=,Membership-Presidents-Advisory-Council-on-Policing.pdf,application/pdf,0.9905,,,https://draft-president.media.uconn.edu/wp-content/uploads/sites/3778/2024/01/Membership-Presidents-Advisory-Council-on-Policing.pdf,11/24/2020 4:18,0,0,0,0,0,0,0,0,0,0,0,0,0,0,0,0,0,0,0,0,0,0,0,0,0,0,0,0,0,0,0,0,0,0,0,0,0,1
qKfPu9Puaw+erXagi+MqeyVxf/fIgF8iFgpUS2ofpEs=,Message-from-President-and-Provost-on-Community-Responsibility.pdf,application/pdf,0.490949449,,,https://draft-president.media.uconn.edu/wp-content/uploads/sites/3778/2024/01/Message-from-President-and-Provost-on-Community-Responsibility.pdf,9/6/2020 10:17,0,1,0,1,0,0,0,0,0,0,0,0,0,0,0,0,0,0,0,0,0,0,0,0,0,0,0,0,0,0,0,0,0,0,0,0,0,1
iJCyJx3fQikoV0sNlKV1/gaaukeCvfRS90PhRbMPbVE=,Michael Kirk | Office of the President,application/x-page,1.0,,,https://president.uconn.edu/person/michael-kirk/,5/6/2024 12:43,0,0,0,0,0,0,0,0,0,0,0,0,0,0,0,0,0,0,0,0,0,0,0,0,0,0,0,0,0,0,0,0,0,0,0,0,0,0
iUrsDvjT2dstvHlECNi0rvuiKTKtdzviIjlCi/1JQ0Q=,Michelle Williams | Office of the President,application/x-page,1.0,,,https://president.uconn.edu/person/michelle-williams/,5/6/2024 4:25,0,0,0,0,0,0,0,0,0,0,0,0,0,0,0,0,0,0,0,0,0,0,0,0,0,0,0,0,0,0,0,0,0,0,0,0,0,0
wtml3WDVp0+5m25beMZzb9WjIkqaaQGXRShGdKOQxGs=,Mission | Office of the President,application/x-page,0.998780488,,,https://president.uconn.edu/mission/,11/27/2023 17:57,0,0,0,0,0,0,0,1,0,0,0,0,0,0,0,0,0,0,0,1,0,0,0,0,0,0,0,0,0,0,0,0,0,0,0,0,0,0
WTYUYimHiaSB6JfjpdmujbI1/2lCrobM25MCrR+XCWI=,Okanagan_Charter_Oct_6_2015.pdf,application/pdf,0.511296151,,,https://president.media.uconn.edu/wp-content/uploads/sites/3778/2024/04/Okanagan_Charter_Oct_6_2015.pdf,4/21/2024 17:23,0,1,0,1,0,0,0,0,0,0,0,0,0,0,0,0,0,0,0,0,0,0,0,0,0,0,0,0,0,0,0,0,0,0,0,0,0,0
YZV3zdtP04k4T8ghBDj1eMW5M9TWMEklWwxnOd1wfK4=,Our Team | Office of the President,application/x-page,0.9,,,https://president.uconn.edu/our-team/,4/29/2024 3:01,0,0,0,0,0,0,0,0,0,0,0,0,0,0,0,0,0,0,0,0,0,0,1,0,0,0,0,0,0,0,0,0,0,0,0,0,0,0
yoKRmJv7UfLAlhvZbwBhBmY8+KqF+tqsOxFw+9i8/Lc=,PAR1999.pdf,application/pdf,0.068681167,,,https://draft-president.media.uconn.edu/wp-content/uploads/sites/3778/2024/01/PAR1999.pdf,3/15/2022 11:34,0,1,0,0,0,0,0,0,0,0,0,0,0,0,0,0,0,0,0,0,0,0,0,0,0,0,0,0,0,0,1,0,0,0,0,0,1,0
A3ECE6q3LyMSYz/Rf/z3EywEHVkFrAqlj3o2vZAJQMI=,PAR2000opt.pdf,application/pdf,0.0,,,https://draft-president.media.uconn.edu/wp-content/uploads/sites/3778/2024/01/PAR2000opt.pdf,3/15/2022 11:33,0,0,0,0,0,0,0,0,0,0,0,0,0,0,0,0,0,0,0,0,0,0,0,0,0,0,0,0,0,0,0,0,0,1,0,0,0,0
Fv2IzIx7e7KXX6kPE319WizIQYL+lGQEkDbV5N5yUwo=,PAR2001.pdf,application/pdf,0.068202467,,,https://draft-president.media.uconn.edu/wp-content/uploads/sites/3778/2024/01/PAR2001.pdf,3/15/2022 11:32,0,1,0,0,0,0,0,0,0,0,0,0,0,0,0,0,0,0,0,0,0,0,0,0,0,0,0,0,0,0,1,0,0,0,0,0,1,0
HncyDlJgCkCggoPQau75nYSXikLLFuUgSrAtleocaZs=,PAR2002.pdf,application/pdf,0.068205446,,,https://draft-president.media.uconn.edu/wp-content/uploads/sites/3778/2024/01/PAR2002.pdf,3/15/2022 11:35,0,1,0,0,0,0,0,0,0,0,0,0,0,0,0,0,0,0,0,0,0,0,0,0,0,0,0,0,0,0,1,0,0,0,0,0,1,0
1mBgTDU//ns8BhsEyeMkZbLWcEjlUmYiOUiAUEoFV7M=,PAR2003.pdf,application/pdf,0.068862153,,,https://draft-president.media.uconn.edu/wp-content/uploads/sites/3778/2024/01/PAR2003.pdf,3/15/2022 11:35,0,1,0,0,0,0,0,0,0,0,0,0,0,0,0,0,0,0,0,0,0,0,0,0,0,0,0,0,0,0,1,0,0,0,0,0,1,0
k1YVIr6ksYQUpzUBIGHUYxBq4x4S4lTokcbGXrgVsjg=,PAR2004.pdf,application/pdf,0.068998546,,,https://draft-president.media.uconn.edu/wp-content/uploads/sites/3778/2024/01/PAR2004.pdf,3/15/2022 11:34,0,1,0,0,0,0,0,0,0,0,0,0,0,0,0,0,0,0,0,0,0,0,0,0,0,0,0,0,0,0,1,0,0,0,0,0,1,0
eqMbTDX7cKPfniHRIDg/yAS4Kk3wrn/V1gieTZzeGHA=,PAR_fuelcells.pdf,application/pdf,0.0,,,https://draft-president.media.uconn.edu/wp-content/uploads/sites/3778/2024/01/PAR_fuelcells.pdf,3/15/2022 11:31,0,0,0,0,0,0,0,0,0,0,0,0,0,0,0,0,0,0,0,0,0,0,0,0,0,0,0,0,0,0,0,0,0,1,0,0,0,0
5rQ9GW97h6oWDc6vI7z1ie01x7lu81fMo94XocQTbA0=,PAR_nanotech.pdf,application/pdf,0.266091043,,,https://draft-president.media.uconn.edu/wp-content/uploads/sites/3778/2024/02/PAR_nanotech.pdf,3/15/2022 11:32,1,1,0,1,0,0,0,0,0,0,0,0,0,0,0,0,0,0,0,0,0,0,0,0,0,0,0,0,0,0,1,0,0,0,0,0,0,1
xPjM+oYdgUnd+8FAEB/vAKSqks9jyPKVcJ5lf7HTTdg=,PAR_stemcells.pdf,application/pdf,0.05,,,https://draft-president.media.uconn.edu/wp-content/uploads/sites/3778/2024/01/PAR_stemcells.pdf,3/15/2022 11:32,0,1,0,0,0,0,0,0,0,0,0,0,0,0,0,0,0,0,0,0,0,0,0,0,0,0,0,0,0,0,1,0,0,0,0,0,1,1
E67vembOzQEZIa+ZZUOvOIivNMNKuBNdbVk8AEAr0qY=,Page Builder Cards Example | Office of the President,application/x-page,0.997,,,https://president.uconn.edu/page-builder-cards/,5/6/2024 4:26,0,0,0,0,0,0,0,0,0,0,0,0,0,1,0,0,0,0,0,0,0,0,0,0,0,0,0,0,0,0,0,0,0,0,0,0,0,0
hod9qa9cxdlDGxdN+FD47VMcgUPUDvvuE1uIGlJ7YOw=,Page Builder Template | Office of the President,application/x-page,0.997,,,https://president.uconn.edu/page-builder-template/,4/28/2024 22:09,0,0,0,0,0,0,0,0,0,0,0,0,0,1,0,0,0,0,0,0,0,0,0,0,0,0,0,0,0,0,0,0,0,0,0,0,0,0
3VSEHt283UsNvay92aqVEC4cNxyG2+XSka2aDVt2r1A=,Paragraph Headers H1-H6 | Office of the President,application/x-page,1.0,,,https://president.uconn.edu/paragraph-headers/,5/6/2024 4:26,0,0,0,0,0,0,0,0,0,0,0,0,0,0,0,0,0,0,0,0,0,0,0,0,0,0,0,0,0,0,0,0,0,0,0,0,0,0
k1SRvp5+3OXqfk01ZSGkqDe7HjMWPBHH+WWz1HoAzyw=,Phased-Return-Goals-and-Plans-President-2020.pdf,application/pdf,0.981,,,https://draft-president.media.uconn.edu/wp-content/uploads/sites/3778/2024/01/Phased-Return-Goals-and-Plans-President-2020.pdf,6/6/2020 17:17,0,0,0,0,0,0,0,0,0,0,0,0,0,0,0,0,0,0,0,0,0,0,0,0,0,0,0,0,0,0,0,0,0,0,0,0,0,1
5W1oF/ylgImbUip7+HCRGOW2e7V9lX6IeFunjGOlkjU=,PresMsg061110.pdf,application/pdf,0.069,,,https://draft-president.media.uconn.edu/wp-content/uploads/sites/3778/2024/02/PresMsg061110.pdf,3/15/2022 11:31,0,0,0,0,0,0,0,0,0,0,0,0,0,0,0,0,0,0,0,0,0,0,0,0,0,0,0,0,0,0,1,0,0,0,0,0,1,0
uDiBUcHrd6dCiTF9Tds3Cx5NwvYCybcpr+jZuKUaEK8=,President-Biden-Dedication-of-The-Dodd-Center.pdf,application/pdf,1.0,,,https://draft-president.media.uconn.edu/wp-content/uploads/sites/3778/2024/01/President-Biden-Dedication-of-The-Dodd-Center.pdf,3/25/2024 15:15,0,0,0,0,0,0,0,0,0,0,0,0,0,0,0,0,0,0,0,0,0,0,0,0,0,0,0,0,0,0,0,0,0,0,0,0,0,0
KM/uo1jHPKjsNYAoqRrRnfo+WI0py9Yu/nzhawx9HQU=,Presidents-Advisory-Council-on-Policing.pdf,application/pdf,0.9905,,,https://draft-president.media.uconn.edu/wp-content/uploads/sites/3778/2024/01/Presidents-Advisory-Council-on-Policing.pdf,11/24/2020 4:19,0,0,0,0,0,0,0,0,0,0,0,0,0,0,0,0,0,0,0,0,0,0,0,0,0,0,0,0,0,0,0,0,0,0,0,0,0,1
TMYbkiWqF4lrH272xZjZ4qywJYekbSBWN5lmVvYSeA0=,Presidents-Police-Advisory-Council-Chief-of-Police-Search.pdf,application/pdf,0.9905,,,https://draft-president.media.uconn.edu/wp-content/uploads/sites/3778/2024/01/Presidents-Police-Advisory-Council-Chief-of-Police-Search.pdf,11/24/2020 4:17,0,0,0,0,0,0,0,0,0,0,0,0,0,0,0,0,0,0,0,0,0,0,0,0,0,0,0,0,0,0,0,0,0,0,0,0,0,1
WjTvNycyWx9kXn4wkE2zKg08CoccOmmbMswFysxrcFI=,Presidents-Task-Force-on-Combating-Sexual-Violence-and-Supporting-Our-Students-2.pdf,application/pdf,1.0,,,https://draft-president.media.uconn.edu/wp-content/uploads/sites/3778/2024/01/Presidents-Task-Force-on-Combating-Sexual-Violence-and-Supporting-Our-Students-2.pdf,3/18/2024 12:48,0,0,0,0,0,0,0,0,0,0,0,0,0,0,0,0,0,0,0,0,0,0,0,0,0,0,0,0,0,0,0,0,0,0,0,0,0,0
MW14EWVJWRAwa0YG0WBjDeG2IVdhUGJMRCm+kLTnt4Y=,Press-release.pdf,application/pdf,0.1165,,,https://draft-president.media.uconn.edu/wp-content/uploads/sites/3778/2024/02/Press-release.pdf,3/15/2022 11:32,0,0,0,0,0,0,0,0,0,0,0,0,0,0,0,0,0,0,0,0,0,0,0,0,0,0,0,0,0,0,0,0,0,0,0,0,1,0
1OJpVoNUIxmghl5ly3+zHIsqBdMkmbjbnWahVdTaBO8=,Rachel Rubin | Office of the President,application/x-page,1.0,,,https://president.uconn.edu/person/rachel-rubin/,5/6/2024 4:26,0,0,0,0,0,0,0,0,0,0,0,0,0,0,0,0,0,0,0,0,0,0,0,0,0,0,0,0,0,0,0,0,0,0,0,0,0,0
HDu3Ajrg1IiSKftNLuxLBIWmQy6IX/Ns+Lkxxar1Qqk=,Radenka-Maric-Resume-.pdf,application/pdf,1.0,,,https://president.uconn.edu/wp-content/uploads/sites/3778/2024/01/Radenka-Maric-Resume-.pdf,3/18/2024 12:50,0,0,0,0,0,0,0,0,0,0,0,0,0,0,0,0,0,0,0,0,0,0,0,0,0,0,0,0,0,0,0,0,0,0,0,0,0,0
lSNOPZQaL6qP0wP34x9N85jNBGyrjz9GerUHlNg2eYQ=,Reminder-Threats-to-Research.pdf,application/pdf,0.9905,,,https://draft-president.media.uconn.edu/wp-content/uploads/sites/3778/2024/01/Reminder-Threats-to-Research.pdf,12/22/2020 7:36,0,0,0,0,0,0,0,0,0,0,0,0,0,0,0,0,0,0,0,0,0,0,0,0,0,0,0,0,0,0,0,0,0,0,0,0,0,1
LvfRVdylBDkj2n0dBh/txuGySqibwZPPnKm/OWizHCs=,Search-Committee-Chief-University-of-Connecticut-Police-Department.pdf,application/pdf,0.9905,,,https://draft-president.media.uconn.edu/wp-content/uploads/sites/3778/2024/01/Search-Committee-Chief-University-of-Connecticut-Police-Department.pdf,11/24/2020 4:18,0,0,0,0,0,0,0,0,0,0,0,0,0,0,0,0,0,0,0,0,0,0,0,0,0,0,0,0,0,0,0,0,0,0,0,0,0,1
o0TLYMDUeJVT3Rm4W3wX7peJLfKnbpsTxBFGrt+PIrw=,Sexual-Assault-Task-Force_March-2022.pdf,application/pdf,0.337375,,,https://draft-president.media.uconn.edu/wp-content/uploads/sites/3778/2024/01/Sexual-Assault-Task-Force_March-2022.pdf,4/1/2022 20:19,1,0,0,1,0,0,0,0,0,0,0,0,0,0,0,0,0,0,0,0,0,0,0,0,0,0,0,0,0,0,0,0,0,0,0,0,0,0
sqKK52HMmHaakDsGrwL7Ut3G4bmhQBu69+6EZqB8ySM=,Slides-for-all-Recordings-FY25-FY30-Budget-1.pdf,application/pdf,0.567057797,,,https://president.media.uconn.edu/wp-content/uploads/sites/3778/2024/02/Slides-for-all-Recordings-FY25-FY30-Budget-1.pdf,2/25/2024 21:24,1,1,0,0,0,1,0,0,0,0,0,0,0,0,0,0,0,0,0,0,0,0,0,0,0,0,0,0,0,0,0,0,0,0,0,1,0,0
WndoOaUnQTcnBjWNq5T4pr4gQrIsCohduTLrD3BZvJg=,Spring-2021.pdf,application/pdf,0.9905,,,https://draft-president.media.uconn.edu/wp-content/uploads/sites/3778/2024/01/Spring-2021.pdf,1/26/2021 19:41,0,0,0,0,0,0,0,0,0,0,0,0,0,0,0,0,0,0,0,0,0,0,0,0,0,0,0,0,0,0,0,0,0,0,0,0,0,1
jha8tENS5NVRhmo2eARrV9uiLBQX4Qfe00R4wzusw0Q=,SpringWeekend_41910.pdf,application/pdf,0.069,,,https://draft-president.media.uconn.edu/wp-content/uploads/sites/3778/2024/02/SpringWeekend_41910.pdf,3/15/2022 11:33,0,0,0,0,0,0,0,0,0,0,0,0,0,0,0,0,0,0,0,0,0,0,0,0,0,0,0,0,0,0,1,0,0,0,0,0,1,0
oTB0Iqz5f7alQ2DkjcqUJoOEnMYGz8eT5wBfwL4t45U=,Staff | Office of the President,application/x-page,0.998181818,,,https://president.uconn.edu/staff/,5/6/2024 4:25,0,0,0,0,0,0,0,0,0,0,0,0,0,1,0,0,0,0,0,0,0,0,0,0,0,0,0,0,0,0,0,0,0,0,0,0,0,0
tfsGMd0aQB8TUxElBhLMFZ8rzHNWtGIhldzlkFC1Mjg=,Statement-on-the-U.S.-Supreme-Courts-Dobbs-v.-Jackson-Ruling-Reproductive-Healthcare-at-UConn-Health.pdf,application/pdf,1.0,,,https://draft-president.media.uconn.edu/wp-content/uploads/sites/3778/2024/01/Statement-on-the-U.S.-Supreme-Courts-Dobbs-v.-Jackson-Ruling-Reproductive-Healthcare-at-UConn-Health.pdf,3/18/2024 12:48,0,0,0,0,0,0,0,0,0,0,0,0,0,0,0,0,0,0,0,0,0,0,0,0,0,0,0,0,0,0,0,0,0,0,0,0,0,0
FFtB3qY+HfzRYg4lTI6ESYCDjwIAAqUVIxnSC+0MmzU=,Student-Feedback-For-the-SA-Advocacy-Committee-1-002.pdf,application/pdf,0.069,,,https://draft-president.media.uconn.edu/wp-content/uploads/sites/3778/2024/01/Student-Feedback-For-the-SA-Advocacy-Committee-1-002.pdf,5/6/2022 21:20,0,0,0,0,0,0,0,0,0,0,0,0,0,0,0,0,0,0,0,0,0,0,0,0,0,0,0,0,0,0,1,0,0,0,0,0,1,0
7MNfXp0v3al+GDsd9GYZZ7RIwUgLGPw/lH8pHhzh/2Q=,Student-Health-and-Wellness.pdf,application/pdf,0.513339575,,,https://draft-president.media.uconn.edu/wp-content/uploads/sites/3778/2024/01/Student-Health-and-Wellness.pdf,5/6/2022 21:20,1,1,0,0,0,1,0,0,0,0,0,0,0,0,0,0,0,0,0,0,0,0,0,0,0,0,0,0,0,0,0,0,0,0,0,0,0,0
JhbKglmeQz+HIS4Qdx3UTs+V0NNuBvyu91V1OF6bSdk=,Successfully-Weathering-Adversity.pdf,application/pdf,0.05,,,https://draft-president.media.uconn.edu/wp-content/uploads/sites/3778/2024/01/Successfully-Weathering-Adversity.pdf,6/6/2020 17:17,0,0,0,0,0,0,0,0,0,0,0,0,0,0,0,0,0,0,0,0,0,0,0,0,0,0,0,0,0,0,1,0,0,0,0,0,1,1
VUV0FPP+K3a37OmOWXcQB4Kf0q18W2Cxw5cT/Rdojg4=,Susan Locke | Office of the President,application/x-page,1.0,,,https://president.uconn.edu/person/susan-locke/,5/6/2024 4:25,0,0,0,0,0,0,0,0,0,0,0,0,0,0,0,0,0,0,0,0,0,0,0,0,0,0,0,0,0,0,0,0,0,0,0,0,0,0
EBx9sKI/Xs5GIHtmGpq5i/OIe1vINFUzei1FJUpnqxI=,Sustainability-Letter-President-85.pdf,application/pdf,0.069,,,https://draft-president.media.uconn.edu/wp-content/uploads/sites/3778/2024/01/Sustainability-Letter-President-85.pdf,5/9/2023 9:28,0,0,0,0,0,0,0,0,0,0,0,0,0,0,0,0,0,0,0,0,0,0,0,0,0,0,0,0,0,0,1,0,0,0,0,0,1,0
oK+yj5TUPpPQ6f3FfwDXMi7XT7IYcU2ObyK7nF6nV84=,Sustainability-and-the-Environment-Working-Group.pdf,application/pdf,0.981,,,https://draft-president.media.uconn.edu/wp-content/uploads/sites/3778/2024/01/Sustainability-and-the-Environment-Working-Group.pdf,12/11/2019 8:58,0,0,0,0,0,0,0,0,0,0,0,0,0,0,0,0,0,0,0,0,0,0,0,0,0,0,0,0,0,0,0,0,0,0,0,0,0,1
05jYTOT2R5PefaKisnuLptbcUjXaUb2gsAGhla60xzE=,Task-Force-for-Combating-Sexual-Violence-Report-2022-1.pdf,application/pdf,0.953345888,,,https://draft-president.media.uconn.edu/wp-content/uploads/sites/3778/2024/01/Task-Force-for-Combating-Sexual-Violence-Report-2022-1.pdf,3/25/2024 15:15,0,1,0,0,0,0,0,0,0,0,0,0,0,0,0,0,0,0,0,0,0,0,0,0,0,0,0,0,0,0,0,0,0,0,0,0,0,0
4jdTv1zGAxPQIYeS7jg5QHvHTnWhUkoif8R97IPnq6k=,Title-IX-process.pdf,application/pdf,0.526403104,,,https://draft-president.media.uconn.edu/wp-content/uploads/sites/3778/2024/01/Title-IX-process.pdf,3/15/2022 11:34,1,1,0,0,0,0,0,0,0,0,0,0,0,0,0,0,0,0,0,0,0,0,0,0,0,0,0,0,0,0,0,0,0,0,0,0,0,0
7y0iwhwU/C4Lk9n+8b2kraM4+dhcKMPKBiFqcuHaOCE=,To the University Community on Visual Identity | Office of the President,application/x-page,1.0,,,https://president.uconn.edu/communications/to-the-university-community-on-visual-identity/,4/28/2024 22:09,0,0,0,0,0,0,0,0,0,0,0,0,0,0,0,0,0,0,0,0,0,0,0,0,0,0,0,0,0,0,0,0,0,0,0,0,0,0
qaIVd+s6xi/DbJvdGE60WXmNjcJxrb95mayrSVV8vUE=,To-the-UConn-Community.pdf,application/pdf,0.981,,,https://draft-president.media.uconn.edu/wp-content/uploads/sites/3778/2024/01/To-the-UConn-Community.pdf,6/6/2020 17:17,0,0,0,0,0,0,0,0,0,0,0,0,0,0,0,0,0,0,0,0,0,0,0,0,0,0,0,0,0,0,0,0,0,0,0,0,0,1
mJ4Oxt5FAoEqPbcfls5D8/GGZwA5l6P/jQa0fDfw04w=,Together-Call-for-Proposals.pdf,application/pdf,0.069,,,https://draft-president.media.uconn.edu/wp-content/uploads/sites/3778/2024/01/Together-Call-for-Proposals.pdf,9/14/2018 0:59,0,0,0,0,0,0,0,0,0,0,0,0,0,0,0,0,0,0,0,0,0,0,0,0,0,0,0,0,0,0,1,0,0,0,0,0,1,0
K+/rUcgKTpUMxG3/8A8yIh93CApAhdCIPTrlzmMwO9U=,TomK-letter-re-Manfredonia.docx,application/vnd.openxmlformats-officedocument.wordprocessingml.document,0.5261875,,,https://draft-president.media.uconn.edu/wp-content/uploads/sites/3778/2024/01/TomK-letter-re-Manfredonia.docx,6/6/2020 17:16,0,0,0,1,0,0,0,0,0,0,0,0,0,0,0,0,0,0,0,0,0,0,0,0,0,0,0,0,0,0,0,0,0,0,0,0,0,0
qcpK1X42wH/b7m3Flyth7g37rVJSaYnfKI5q1cL76N0=,UCHC_Bill_050410.pdf,application/pdf,0.069,,,https://draft-president.media.uconn.edu/wp-content/uploads/sites/3778/2024/01/UCHC_Bill_050410.pdf,3/15/2022 11:34,0,0,0,0,0,0,0,0,0,0,0,0,0,0,0,0,0,0,0,0,0,0,0,0,0,0,0,0,0,0,1,0,0,0,0,0,1,0
9bZ465yxPz4YSDEzFtmGUrmtXbuMoStiLnc8UmW7OjA=,UConn-Appropriations-Testimony-2.15.23.pdf,application/pdf,0.82241017,,,https://draft-president.media.uconn.edu/wp-content/uploads/sites/3778/2024/01/UConn-Appropriations-Testimony-2.15.23.pdf,3/25/2024 15:16,1,1,0,0,0,0,0,0,0,0,0,0,0,0,0,0,0,0,0,0,0,0,0,0,0,0,0,0,0,0,0,0,0,0,0,0,0,0
EU5pj7BhZU3v23Mp9ivQ3REjO1xCpqZHGC4p+6raeiY=,UConn-Commitments_Health-Promoting-University_April-2024.pdf,application/pdf,1.0,,,https://president.media.uconn.edu/wp-content/uploads/sites/3778/2024/04/UConn-Commitments_Health-Promoting-University_April-2024.pdf,4/21/2024 17:23,0,0,0,0,0,0,0,0,0,0,0,0,0,0,0,0,0,0,0,0,0,0,0,0,0,0,0,0,0,0,0,0,0,0,0,0,0,0
eMozP3cXKDKkdMLQ7QNIW/UyDUWJTdXHSmoQNbXHHh0=,UConn-Health-Appropriations-Testimony-2.15.23.pdf,application/pdf,0.824801656,,,https://draft-president.media.uconn.edu/wp-content/uploads/sites/3778/2024/01/UConn-Health-Appropriations-Testimony-2.15.23.pdf,3/25/2024 15:16,1,1,0,0,0,0,0,0,0,0,0,0,0,0,0,0,0,0,0,0,0,0,0,0,0,0,0,0,0,0,0,0,0,0,0,0,0,0
TgSkaSIKvP5HO+rZZp0w9cXlBMlvYTbEDE4LpLin698=,UConn-Key-Fact-Sheet-2017.pdf,application/pdf,0.51560356,,,https://draft-president.media.uconn.edu/wp-content/uploads/sites/3778/2024/01/UConn-Key-Fact-Sheet-2017.pdf,3/15/2022 11:34,1,1,0,0,0,0,0,0,0,0,0,0,0,0,0,0,0,0,0,0,0,0,0,0,0,0,0,0,0,0,0,0,0,0,0,0,0,1
vLnVsQJniT5uSGzitMptTUMVkfx/lIJ9ZyyaiKGbw7w=,UConn-Reads-Letter.pdf,application/pdf,0.9905,,,https://draft-president.media.uconn.edu/wp-content/uploads/sites/3778/2024/01/UConn-Reads-Letter.pdf,10/28/2020 6:07,0,0,0,0,0,0,0,0,0,0,0,0,0,0,0,0,0,0,0,0,0,0,0,0,0,0,0,0,0,0,0,0,0,0,0,0,0,1
fwDjCG4FiaSjVUYmy1G3Bc10glMU5m3OhWk2j3+MLSM=,UConn-UCH-Budget-Presentation-to-Board-of-Trustees-Financial-Affairs.pdf,application/pdf,0.513687179,,,https://bpir.uconn.edu/wp-content/uploads/sites/3452/2023/06/UConn-UCH-Budget-Presentation-to-Board-of-Trustees-Financial-Affairs.pdf,7/16/2023 11:41,1,1,0,0,0,1,0,0,0,0,0,0,0,0,0,0,0,0,0,0,0,0,0,0,0,0,0,0,0,0,1,0,0,0,0,1,0,0
EIXPFmttb82bpHeUrPThbfTUBQk/8QjkSAtCf1RJi8U=,Victim-Support-Services.pdf,application/pdf,0.597242259,,,https://draft-president.media.uconn.edu/wp-content/uploads/sites/3778/2024/01/Victim-Support-Services.pdf,5/6/2022 21:20,1,1,0,0,0,0,0,0,0,0,0,0,0,0,0,0,0,0,0,0,0,0,0,0,0,0,0,0,0,0,0,0,0,0,0,0,0,0
Gd13GRcBTohm8axo8Qp1r9nB/tIjI4ev543AcJRP8HY=,WHCelebration2010.pdf,application/pdf,0.0,,,https://draft-president.media.uconn.edu/wp-content/uploads/sites/3778/2024/01/WHCelebration2010.pdf,3/15/2022 11:31,0,0,0,0,0,0,0,0,0,0,0,0,0,0,0,0,0,0,0,0,0,0,0,0,0,0,0,0,0,0,0,0,0,1,0,0,0,0
LXYZCaCPVbZA+lFrvyMc7Xfvx4RKM8v6GZi55ml6zqE=,Week-10-Fall-2023-Semester-Summary.pdf,application/pdf,0.94518211,,,https://draft-president.media.uconn.edu/wp-content/uploads/sites/3778/2024/01/Week-10-Fall-2023-Semester-Summary.pdf,12/16/2023 9:13,1,1,0,0,0,0,0,0,0,0,0,0,0,0,0,0,0,0,0,0,0,0,0,0,0,0,0,0,0,0,0,0,0,0,0,0,0,0
5uNlmPEbjkujyrpxQLfMVANnRF/7yPktM/RitqgXVsw=,Week-9-Greenhouse-Gas-Data-and-Tracking.pdf.pdf,application/pdf,0.944201829,,,https://draft-president.media.uconn.edu/wp-content/uploads/sites/3778/2024/01/Week-9-Greenhouse-Gas-Data-and-Tracking.pdf.pdf,12/16/2023 9:15,1,1,0,0,0,0,0,0,0,0,0,0,0,0,0,0,0,0,0,0,0,0,0,0,0,0,0,0,0,0,0,0,0,0,0,0,0,0
0dhsrEhOCRguNI6vftSl/GOnuU02zsvqdw6Dq8ELp68=,Who-We-Are_select-slides.pdf,application/pdf,0.85562931,,,https://draft-president.media.uconn.edu/wp-content/uploads/sites/3778/2024/01/Who-We-Are_select-slides.pdf,3/25/2024 14:52,1,1,0,0,0,0,0,0,0,0,0,0,0,0,0,0,0,0,0,0,0,0,0,0,0,0,0,0,0,0,0,0,0,0,0,0,0,0
JomnZNhS9yRsqmeE/RZ/Tviu26tZDkLZX/hNsFVE6F8=,Womens-Center-Support-Resources.ppt.pdf,application/pdf,0.921929308,,,https://draft-president.media.uconn.edu/wp-content/uploads/sites/3778/2024/01/Womens-Center-Support-Resources.ppt.pdf,5/6/2022 21:21,0,1,0,0,0,0,0,0,0,0,0,0,0,0,0,0,0,0,0,0,0,0,0,0,0,0,0,0,0,0,0,0,0,0,0,0,0,0
RQzryY43jvSCfZI8LxLbtoKreTeSoikiSrLv0LLeY2Q=,fall-2021-reentry-communication.pdf,application/pdf,0.5266625,,,https://draft-president.media.uconn.edu/wp-content/uploads/sites/3778/2024/01/fall-2021-reentry-communication.pdf,4/7/2021 2:18,0,0,0,1,0,0,0,0,0,0,0,0,0,0,0,0,0,0,0,0,0,0,0,0,0,0,0,0,0,0,0,0,0,0,0,0,0,1
lRMXfrv+XohCljnofsVp3eJGzWK3O4q3VFmg+ZONVtg=,ltr052411.pdf,application/pdf,0.0,,,https://draft-president.media.uconn.edu/wp-content/uploads/sites/3778/2024/02/ltr052411.pdf,3/15/2022 11:34,0,0,0,0,0,0,0,0,0,0,0,0,0,0,0,0,0,0,0,0,0,0,0,0,0,0,0,0,0,0,0,0,0,1,0,0,0,0
5WdTiIuVz/BRwWUvJ63QiNt8mb1tmh8dItR4NGK87Bo=,ltr101910.pdf,application/pdf,0.0,,,https://draft-president.media.uconn.edu/wp-content/uploads/sites/3778/2024/02/ltr101910.pdf,3/15/2022 11:31,0,0,0,0,0,0,0,0,0,0,0,0,0,0,0,0,0,0,0,0,0,0,0,0,0,0,0,0,0,0,0,0,0,1,0,0,0,0
iphrDmws7ofKZ6GrZdlTV6W6GgVRbx1RJi26wsTe034=,par2010.pdf,application/pdf,0.253497081,,,https://draft-president.media.uconn.edu/wp-content/uploads/sites/3778/2024/02/par2010.pdf,2/18/2024 19:24,1,1,0,1,0,0,0,0,0,0,0,0,0,0,0,0,0,0,0,0,0,0,0,0,0,0,0,0,0,0,1,0,0,0,0,0,0,1
YywXynueq1SyDFzx86Zy6ZHLwQss+PVj7KTZDovojDY=,president-covid-spending-policy.pdf,application/pdf,0.05,,,https://draft-president.media.uconn.edu/wp-content/uploads/sites/3778/2024/01/president-covid-spending-policy.pdf,6/6/2020 17:16,0,0,0,0,0,0,0,0,0,0,0,0,0,0,0,0,0,0,0,0,0,0,0,0,0,0,0,0,0,0,1,0,0,0,0,0,1,1
yTaVAbUejqbVNWsOifoo6+SxFrnGeVPlyfEhwr0X+Wo=,prez-mhogan-msg-community-jasperhoward.pdf,application/pdf,0.0975,,,https://draft-president.media.uconn.edu/wp-content/uploads/sites/3778/2024/02/prez-mhogan-msg-community-jasperhoward.pdf,3/15/2022 11:33,0,0,0,0,0,0,0,0,0,0,0,0,0,0,0,0,0,0,0,0,0,0,0,0,0,0,0,0,0,0,0,0,0,0,0,0,1,1
bOH7JH+aLDAEFwvMbco2o/NOoyXdEtFaJ1pXzGtmo0g=,prez-mhogan-msg-honoring-jasperhoward.pdf,application/pdf,0.0967649,,,https://draft-president.media.uconn.edu/wp-content/uploads/sites/3778/2024/02/prez-mhogan-msg-honoring-jasperhoward.pdf,3/15/2022 11:33,0,1,0,0,0,0,0,0,0,0,0,0,0,0,0,0,0,0,0,0,0,0,0,0,0,0,0,0,0,0,0,0,0,0,0,0,1,1
H4LRm0siF80HZg5tEa0XAEC7PDZyRQ6EoOIrTyjb04Q=,recommendations-chart,application/pdf,0.519976284,,,https://studentaffairs.uconn.edu/task-force-combating-sexual-violence-supporting-our-students/recommendations-chart/,3/6/2023 12:27,0,1,0,1,0,0,0,0,0,0,0,0,0,0,0,0,0,0,0,0,0,0,0,0,0,0,0,0,0,0,0,0,0,0,0,0,0,1
y/3xG0/kZr4XKEOyNwQ1x56lJrMWc5T9VBHsXv+cIhs=,sotu20120405.pdf,application/pdf,0.981,,,https://draft-president.media.uconn.edu/wp-content/uploads/sites/3778/2024/02/sotu20120405.pdf,9/11/2019 1:46,0,0,0,0,0,0,0,0,0,0,0,0,0,0,0,0,0,0,0,0,0,0,0,0,0,0,0,0,0,0,0,0,0,0,0,0,0,1
908ieCoZw9RAOgBccNxcXiPTTS1c1fdxacRGhveeUNo=,sotu20130404.pdf,application/pdf,0.5171625,,,https://draft-president.media.uconn.edu/wp-content/uploads/sites/3778/2024/02/sotu20130404.pdf,3/15/2022 11:35,0,0,0,1,0,0,0,0,0,0,0,0,0,0,0,0,0,0,0,0,0,0,0,0,0,0,0,0,0,0,0,0,0,0,0,0,0,1
