Id,Name,Mime type,Score,Deleted at,Library reference,Url,Checked on,AlternativeText:2,Contrast:2,HeadingsHigherLevel:3,HeadingsPresence:2,HeadingsSequential:3,HeadingsStartAtOne:3,HtmlBrokenLink:2,HtmlCaption:2,HtmlColorContrast:2,HtmlDefinitionList:3,HtmlEmptyHeading:2,HtmlEmptyTableHeader:2,HtmlHasLang:3,HtmlHeadingOrder:3,HtmlHeadingsPresence:2,HtmlHeadingsStart:2,HtmlImageAlt:2,HtmlImageRedundantAlt:3,HtmlLabel:2,HtmlLinkName:3,HtmlList:3,HtmlObjectAlt:2,HtmlTdHasHeader:2,HtmlTitle:3,ImageContrast:2,ImageDecorative:2,ImageDescription:2,ImageOcr:3,ImageSeizure:1,LanguageCorrect:3,LanguagePresence:3,Ocred:2,Parsable:1,Scanned:1,Security:1,TableHeaders:2,Tagged:2,Title:3
OG9cVAqJJzydi11978kqt4MqcX4WdEfriH+R+giyFB8=,1.-Protect-Our-Pack-Task-Force-Presentation.pdf,application/pdf,0.5361625,2/18/2024 19:25,,,4/1/2022 20:16,1,0,0,0,0,0,0,0,0,0,0,0,0,0,0,0,0,0,0,0,0,0,0,0,0,0,0,0,0,0,0,0,0,0,0,0,0,0
QzDB69ivWdlf3d9ifBKgUr3DgOjVxid9+beJg+bMmlA=,1.-Protect-Our-Pack-Task-Force-Presentation.pdf,application/pdf,0.5361625,,,https://draft-president.media.uconn.edu/wp-content/uploads/sites/3778/2024/01/1.-Protect-Our-Pack-Task-Force-Presentation.pdf,4/1/2022 20:16,1,0,0,0,0,0,0,0,0,0,0,0,0,0,0,0,0,0,0,0,0,0,0,0,0,0,0,0,0,0,0,0,0,0,0,0,0,0
6VBYJRAn1hJjLOhGLbryUDyaS7/RemlTDX9/HquaKeA=,1211081.pdf,application/pdf,0.1165,2/18/2024 19:23,,,3/15/2022 11:34,0,0,0,0,0,0,0,0,0,0,0,0,0,0,0,0,0,0,0,0,0,0,0,0,0,0,0,0,0,0,0,0,0,0,0,0,1,0
zs7oY7soJ8b672uM9UdwQGLBjAge2Ni8G9whlvfC/90=,1211081.pdf,application/pdf,0.1165,,,https://draft-president.media.uconn.edu/wp-content/uploads/sites/3778/2024/01/1211081.pdf,3/15/2022 11:34,0,0,0,0,0,0,0,0,0,0,0,0,0,0,0,0,0,0,0,0,0,0,0,0,0,0,0,0,0,0,0,0,0,0,0,0,1,0
+4BemsQEk07ggA2b7RwW2Up46c0aDjEly2bLbLw34uU=,2.-Womens-Center-Presidents-Taskforce-Presentation.pdf,application/pdf,0.596798525,2/18/2024 19:12,,,4/1/2022 20:17,1,1,0,0,0,0,0,0,0,0,0,0,0,0,0,0,0,0,0,0,0,0,0,0,0,0,0,0,0,0,0,0,0,0,0,0,0,0
TVdFVnj+QbZjYFjVib9AqJWlSZOlb7eokZ8y+1hMttE=,2.-Womens-Center-Presidents-Taskforce-Presentation.pdf,application/pdf,0.596798525,,,https://draft-president.media.uconn.edu/wp-content/uploads/sites/3778/2024/01/2.-Womens-Center-Presidents-Taskforce-Presentation.pdf,4/1/2022 20:17,1,1,0,0,0,0,0,0,0,0,0,0,0,0,0,0,0,0,0,0,0,0,0,0,0,0,0,0,0,0,0,0,0,0,0,0,0,0
0OE+eC+RHTjcSiXck9KRmIXnPM1ehiBdgrsqHMcYHn8=,2008-Charitable-Campaign.pdf,application/pdf,0.078055,2/18/2024 19:01,,,3/15/2022 11:32,0,0,0,0,0,0,0,0,0,0,0,0,0,0,0,0,0,0,0,0,0,0,0,0,0,0,0,0,0,0,0,1,0,0,0,0,1,0
/eTqo4QW8iX8o0IDJtouEAZRtTdAH5FC6kpCCW1/rYE=,2008-Charitable-Campaign.pdf,application/pdf,0.078055,,,https://draft-president.media.uconn.edu/wp-content/uploads/sites/3778/2024/01/2008-Charitable-Campaign.pdf,3/15/2022 11:32,0,0,0,0,0,0,0,0,0,0,0,0,0,0,0,0,0,0,0,0,0,0,0,0,0,0,0,0,0,0,0,1,0,0,0,0,1,0
uV8Dsv5X+8pG3vsJd/0iZlCrMVvsEMUcHHgr59ZrcO8=,2013-01-17-SH-Sexual-Assault-Letter.pdf,application/pdf,0,2/18/2024 19:16,,,3/15/2022 11:31,0,0,0,0,0,0,0,0,0,0,0,0,0,0,0,0,0,0,0,0,0,0,0,0,0,0,0,0,0,0,0,0,0,1,0,0,0,0
v6CWpvA3IN4rR5ioAR1NU07la0z+2dr4UBzb+n5D3Sg=,2013-01-17-SH-Sexual-Assault-Letter.pdf,application/pdf,0,,,https://draft-president.media.uconn.edu/wp-content/uploads/sites/3778/2024/01/2013-01-17-SH-Sexual-Assault-Letter.pdf,3/15/2022 11:31,0,0,0,0,0,0,0,0,0,0,0,0,0,0,0,0,0,0,0,0,0,0,0,0,0,0,0,0,0,0,0,0,0,1,0,0,0,0
yGsq8nVsBvOOi5WW2nbKiApVHCVNQ7x2HLX9Ilp8hc4=,2013-04-26-SH-Statement-on-Student-Freedom-of-Expression.pdf,application/pdf,0,2/18/2024 19:16,,,12/24/2023 20:34,0,0,0,0,0,0,0,0,0,0,0,0,0,0,0,0,0,0,0,0,0,0,0,0,0,0,0,0,0,0,0,0,0,1,0,0,0,0
3WSYfoqlqd8GOeAZiK98YzGeYNiaWdq9jsExXkt6D+Q=,2013-04-26-SH-Statement-on-Student-Freedom-of-Expression.pdf,application/pdf,0,,,https://president.media.uconn.edu/wp-content/uploads/sites/2794/2019/05/2013-04-26-SH-Statement-on-Student-Freedom-of-Expression.pdf,12/24/2023 20:34,0,0,0,0,0,0,0,0,0,0,0,0,0,0,0,0,0,0,0,0,0,0,0,0,0,0,0,0,0,0,0,0,0,1,0,0,0,0
S7WEZYMrWCdt3GNbgZQWVV6jYF0Ca5JqhGlJLNLDA2w=,2014-02-07-Civility-Task-Force-Message-to-Campus-signed.pdf,application/pdf,0.505132564,2/18/2024 19:25,,,3/15/2022 11:33,1,1,0,0,0,0,0,0,0,0,0,0,0,0,0,0,0,0,0,0,0,0,0,0,0,0,0,0,0,0,0,0,0,0,0,0,0,1
vvRisqL6j/tMJMlYiAsIXtEih1CNqplPB7MqQnOD2LI=,2014-02-07-Civility-Task-Force-Message-to-Campus-signed.pdf,application/pdf,0.505132564,,,https://draft-president.media.uconn.edu/wp-content/uploads/sites/3778/2024/01/2014-02-07-Civility-Task-Force-Message-to-Campus-signed.pdf,3/15/2022 11:33,1,1,0,0,0,0,0,0,0,0,0,0,0,0,0,0,0,0,0,0,0,0,0,0,0,0,0,0,0,0,0,0,0,0,0,0,0,1
YpwLbida/ZTzroMaaP4Zjb9g3LhoBiHssHaqsGVFe1g=,2014-06-UConn-Ombuds-Charter-Amended.pdf,application/pdf,0.069,2/18/2024 19:16,,,3/15/2022 11:32,0,0,0,0,0,0,0,0,0,0,0,0,0,0,0,0,0,0,0,0,0,0,0,0,0,0,0,0,0,0,1,0,0,0,0,0,1,0
mlVWlG9yV1hFbOvxY8tWVvDlrmSMOZJH/o3lZtWSqVU=,2014-06-UConn-Ombuds-Charter-Amended.pdf,application/pdf,0.069,,,https://draft-president.media.uconn.edu/wp-content/uploads/sites/3778/2024/01/2014-06-UConn-Ombuds-Charter-Amended.pdf,3/15/2022 11:32,0,0,0,0,0,0,0,0,0,0,0,0,0,0,0,0,0,0,0,0,0,0,0,0,0,0,0,0,0,0,1,0,0,0,0,0,1,0
MkgL3Q96jik1WlU8RKIJTQz5/x6r/KdKFcLftHaw3XU=,2014-09-25-Letter-to-SFS.pdf,application/pdf,0,2/18/2024 19:24,,,3/15/2022 11:34,0,0,0,0,0,0,0,0,0,0,0,0,0,0,0,0,0,0,0,0,0,0,0,0,0,0,0,0,0,0,0,0,0,1,0,0,0,0
/O515ynxYvvRDURAWeEQPNj1XcsAasqU8XF9a4QcmD4=,2014-09-25-Letter-to-SFS.pdf,application/pdf,0,,,https://draft-president.media.uconn.edu/wp-content/uploads/sites/3778/2024/01/2014-09-25-Letter-to-SFS.pdf,3/15/2022 11:34,0,0,0,0,0,0,0,0,0,0,0,0,0,0,0,0,0,0,0,0,0,0,0,0,0,0,0,0,0,0,0,0,0,1,0,0,0,0
LAhgvR+WRWwRSJXCnsolvDzBHjVfPXWZOO/Atw7T50I=,2014-10-16-SH-State-of-the-University-FINAL.pdf,application/pdf,0.5171625,2/18/2024 19:01,,,3/15/2022 11:34,0,0,0,1,0,0,0,0,0,0,0,0,0,0,0,0,0,0,0,0,0,0,0,0,0,0,0,0,0,0,0,0,0,0,0,0,0,1
uLhPQINx6sMhgvIHCtClYbzBs/HE1uvRmK5i533DoNM=,2014-10-16-SH-State-of-the-University-FINAL.pdf,application/pdf,0.5171625,,,https://draft-president.media.uconn.edu/wp-content/uploads/sites/3778/2024/01/2014-10-16-SH-State-of-the-University-FINAL.pdf,3/15/2022 11:34,0,0,0,1,0,0,0,0,0,0,0,0,0,0,0,0,0,0,0,0,0,0,0,0,0,0,0,0,0,0,0,0,0,0,0,0,0,1
HgksfpMzuQDopVH31FDvoWBZAsSMy78AsY9OjZ1u1P4=,2014-11-19-Herbst-Letter-to-the-Community.pdf,application/pdf,0,2/18/2024 19:15,,,3/15/2022 11:34,0,0,0,0,0,0,0,0,0,0,0,0,0,0,0,0,0,0,0,0,0,0,0,0,0,0,0,0,0,0,0,0,0,1,0,0,0,0
ufpW/omXh0C9vCZJKk21m1mRbp73V25DSBe7V4D15ZQ=,2014-11-19-Herbst-Letter-to-the-Community.pdf,application/pdf,0,,,https://draft-president.media.uconn.edu/wp-content/uploads/sites/3778/2024/01/2014-11-19-Herbst-Letter-to-the-Community.pdf,3/15/2022 11:34,0,0,0,0,0,0,0,0,0,0,0,0,0,0,0,0,0,0,0,0,0,0,0,0,0,0,0,0,0,0,0,0,0,1,0,0,0,0
Hk9qYSG1EGeM6lfn/V8wfe9CwthlzbCLF4ohRPJg8lY=,2015-08-Diversity-Report.pdf,application/pdf,0.454607978,2/18/2024 19:01,,,9/11/2019 7:33,1,1,0,0,1,0,0,0,0,0,0,0,0,0,0,0,0,0,0,0,0,0,0,0,0,0,0,0,0,0,0,0,0,0,0,1,0,1
D4mybhisBQ68y7xr8EOvIzT2UxQidY9IWumcqZKo0/E=,2015-08-Diversity-Report.pdf,application/pdf,0.454607978,,,https://draft-president.media.uconn.edu/wp-content/uploads/sites/3778/2024/01/2015-08-Diversity-Report.pdf,9/11/2019 7:33,1,1,0,0,1,0,0,0,0,0,0,0,0,0,0,0,0,0,0,0,0,0,0,0,0,0,0,0,0,0,0,0,0,0,0,1,0,1
oDuRnD/WDGlP7bLSfmpSjQJljiUq7eKNGXzjc82fxCs=,2015-12-31-Diversity-Council-REVISED.pdf,application/pdf,0.9905,2/18/2024 19:16,,,3/15/2022 11:34,0,0,0,0,0,0,0,0,0,0,0,0,0,0,0,0,0,0,0,0,0,0,0,0,0,0,0,0,0,0,0,0,0,0,0,0,0,1
pl4PrLPYR+dCBJfY4pvx/sD3HkqowCq80be4fbDVAHw=,2015-12-31-Diversity-Council-REVISED.pdf,application/pdf,0.9905,,,https://draft-president.media.uconn.edu/wp-content/uploads/sites/3778/2024/01/2015-12-31-Diversity-Council-REVISED.pdf,3/15/2022 11:34,0,0,0,0,0,0,0,0,0,0,0,0,0,0,0,0,0,0,0,0,0,0,0,0,0,0,0,0,0,0,0,0,0,0,0,0,0,1
JU1fDh6x1WpDLOVuWEslxxH/XIQR5os7zA5xETM99fc=,2016-11-16-Thanksgiving-Memo-to-UConn-Community.pdf,application/pdf,0.910856164,2/18/2024 19:16,,,3/15/2022 11:31,0,1,0,0,0,0,0,0,0,0,0,0,0,0,0,0,0,0,0,0,0,0,0,0,0,0,0,0,0,0,0,0,0,0,0,0,0,1
4lg8j9BzERMI3olsYizDhl8WlIJXsOH8zf3NzFgK+mw=,2016-11-16-Thanksgiving-Memo-to-UConn-Community.pdf,application/pdf,0.910856164,,,https://draft-president.media.uconn.edu/wp-content/uploads/sites/3778/2024/01/2016-11-16-Thanksgiving-Memo-to-UConn-Community.pdf,3/15/2022 11:31,0,1,0,0,0,0,0,0,0,0,0,0,0,0,0,0,0,0,0,0,0,0,0,0,0,0,0,0,0,0,0,0,0,0,0,0,0,1
P26zUlkcjTy8DF69jO2zeIkqoYbEzxQWxzrrzEGEQDQ=,2016-12-06-Herbst-Letter-to-the-Community.pdf,application/pdf,0.309588914,2/18/2024 19:15,,,9/11/2019 0:01,1,1,0,1,0,0,0,0,0,0,0,0,0,0,0,0,0,0,0,0,0,0,0,0,0,0,0,0,0,0,0,0,0,0,0,0,0,1
fvwB0Lkd5zPQ4gshGUCSBoyNOgd5DnVc7OgiSqAYMcw=,2016-12-06-Herbst-Letter-to-the-Community.pdf,application/pdf,0.309588914,,,https://draft-president.media.uconn.edu/wp-content/uploads/sites/3778/2024/01/2016-12-06-Herbst-Letter-to-the-Community.pdf,9/11/2019 0:01,1,1,0,1,0,0,0,0,0,0,0,0,0,0,0,0,0,0,0,0,0,0,0,0,0,0,0,0,0,0,0,0,0,0,0,0,0,1
gC6U5zVhKghPW/NF/rHkvccNy++iyTzwbnHK2ujTY0M=,2017-02-02-Herbst-Message-to-the-Community.pdf,application/pdf,0.909208099,2/18/2024 19:14,,,9/11/2019 4:32,0,1,0,0,0,0,0,0,0,0,0,0,0,0,0,0,0,0,0,0,0,0,0,0,0,0,0,0,0,0,0,0,0,0,0,0,0,1
rDuFuxB/WP0DLHNKKTJB4Lp3qflAz1nHF/kjhg/6CJE=,2017-02-02-Herbst-Message-to-the-Community.pdf,application/pdf,0.909208099,,,https://draft-president.media.uconn.edu/wp-content/uploads/sites/3778/2024/01/2017-02-02-Herbst-Message-to-the-Community.pdf,9/11/2019 4:32,0,1,0,0,0,0,0,0,0,0,0,0,0,0,0,0,0,0,0,0,0,0,0,0,0,0,0,0,0,0,0,0,0,0,0,0,0,1
Bii0M6fFXeNDMj5wAL9HMUrCwnhsG0KwV8ZAcRbJJR8=,2017-08-16-Message-to-the-Community-Charlotsville.pdf,application/pdf,0.489928812,2/18/2024 19:12,,,3/15/2022 11:34,1,1,0,0,0,0,0,0,0,0,0,0,0,0,0,0,0,0,0,0,0,0,0,0,0,0,0,0,0,0,0,0,0,0,0,0,0,1
0TS5ebBCA7A2czuR9XfjXOkzCiTKwCxTLtAsbJKnWNU=,2017-08-16-Message-to-the-Community-Charlotsville.pdf,application/pdf,0.489928812,,,https://draft-president.media.uconn.edu/wp-content/uploads/sites/3778/2024/01/2017-08-16-Message-to-the-Community-Charlotsville.pdf,3/15/2022 11:34,1,1,0,0,0,0,0,0,0,0,0,0,0,0,0,0,0,0,0,0,0,0,0,0,0,0,0,0,0,0,0,0,0,0,0,0,0,1
ijspXreTPx+5PUW+A3x8MGO+cK/G0auy9oKl04KSH44=,2017-08-29-Herbst-Welcome-Message-to-the-Community.pdf,application/pdf,0.298883747,2/18/2024 19:16,,,9/11/2019 4:53,1,1,0,1,0,0,0,0,0,0,0,0,0,0,0,0,0,0,0,0,0,0,0,0,0,0,0,0,0,0,0,0,0,0,0,0,0,1
93/ejcVFdGG79tZsDmhBRPwg0hehR/cqDxUYnrkbjeM=,2017-08-29-Herbst-Welcome-Message-to-the-Community.pdf,application/pdf,0.298883747,,,https://draft-president.media.uconn.edu/wp-content/uploads/sites/3778/2024/01/2017-08-29-Herbst-Welcome-Message-to-the-Community.pdf,9/11/2019 4:53,1,1,0,1,0,0,0,0,0,0,0,0,0,0,0,0,0,0,0,0,0,0,0,0,0,0,0,0,0,0,0,0,0,0,0,0,0,1
BG48OQ81EQnVK5j/QG90LkBpaiwf806QVou52JnUvQA=,2019-10-30-Race-and-Diversity-Council.pdf,application/pdf,0.9905,2/18/2024 19:16,,,11/6/2019 14:00,0,0,0,0,0,0,0,0,0,0,0,0,0,0,0,0,0,0,0,0,0,0,0,0,0,0,0,0,0,0,0,0,0,0,0,0,0,1
lsRNphdGTqDqq/O/yz4vnDfiVbXBllgEb6/bZelB5LY=,2019-Chief-Diversity-Officer-Search.pdf,application/pdf,0.981,2/18/2024 19:11,,,6/6/2020 17:18,0,0,0,0,0,0,0,0,0,0,0,0,0,0,0,0,0,0,0,0,0,0,0,0,0,0,0,0,0,0,0,0,0,0,0,0,0,1
CkMoL7T2N30OLqmg+Opv5QDAhhEGH6THJ+vOjkrVwbo=,2019-Chief-Diversity-Officer-Search.pdf,application/pdf,0.981,,,https://draft-president.media.uconn.edu/wp-content/uploads/sites/3778/2024/01/2019-Chief-Diversity-Officer-Search.pdf,6/6/2020 17:18,0,0,0,0,0,0,0,0,0,0,0,0,0,0,0,0,0,0,0,0,0,0,0,0,0,0,0,0,0,0,0,0,0,0,0,0,0,1
X294Pp365Cuc52gwV6ByAWbb4vfIRLrqfGQIL7Y/fmQ=,2019-Committee-Presidents-Council-Race-Diversity.pdf,application/pdf,0.981,2/18/2024 19:25,,,6/6/2020 17:15,0,0,0,0,0,0,0,0,0,0,0,0,0,0,0,0,0,0,0,0,0,0,0,0,0,0,0,0,0,0,0,0,0,0,0,0,0,1
UQ1luN17KL0qAx6QxT+cW7v9GKDWy8Hv9mU08V0j7UY=,2019-Committee-Presidents-Council-Race-Diversity.pdf,application/pdf,0.981,,,https://draft-president.media.uconn.edu/wp-content/uploads/sites/3778/2024/01/2019-Committee-Presidents-Council-Race-Diversity.pdf,6/6/2020 17:15,0,0,0,0,0,0,0,0,0,0,0,0,0,0,0,0,0,0,0,0,0,0,0,0,0,0,0,0,0,0,0,0,0,0,0,0,0,1
+9KZD6jolEkoB6Cp2BYXFRXBXrqGCA0yUkRMGRmq8TM=,2019-Day-One.pdf,application/pdf,0.981,2/18/2024 19:01,,,6/6/2020 17:33,0,0,0,0,0,0,0,0,0,0,0,0,0,0,0,0,0,0,0,0,0,0,0,0,0,0,0,0,0,0,0,0,0,0,0,0,0,1
y0R2ljy1VBHtuFV1rNF3mTxAlCXCSYbmFFMapGQh6Kg=,2019-Day-One.pdf,application/pdf,0.981,,,https://draft-president.media.uconn.edu/wp-content/uploads/sites/3778/2024/01/2019-Day-One.pdf,6/6/2020 17:33,0,0,0,0,0,0,0,0,0,0,0,0,0,0,0,0,0,0,0,0,0,0,0,0,0,0,0,0,0,0,0,0,0,0,0,0,0,1
IJEpM7vnjOObethvhi4pUwWHa0zUt0O+O4fLiMKuftA=,2019-Employee-Townhall.pdf,application/pdf,0.981,2/18/2024 19:16,,,6/6/2020 17:17,0,0,0,0,0,0,0,0,0,0,0,0,0,0,0,0,0,0,0,0,0,0,0,0,0,0,0,0,0,0,0,0,0,0,0,0,0,1
O9YfzfoAj0pWBLdb++Gp/r7TdH4x5Mxp0WeQ5weK7sQ=,2019-Employee-Townhall.pdf,application/pdf,0.981,,,https://draft-president.media.uconn.edu/wp-content/uploads/sites/3778/2024/01/2019-Employee-Townhall.pdf,6/6/2020 17:17,0,0,0,0,0,0,0,0,0,0,0,0,0,0,0,0,0,0,0,0,0,0,0,0,0,0,0,0,0,0,0,0,0,0,0,0,0,1
hpqsqaycihLajUvD9RYLbZcNcSBDudu363PrGfcDBHo=,2019-Happy-holidays-fromUConn.pdf,application/pdf,0.981,2/18/2024 19:16,,,6/6/2020 17:19,0,0,0,0,0,0,0,0,0,0,0,0,0,0,0,0,0,0,0,0,0,0,0,0,0,0,0,0,0,0,0,0,0,0,0,0,0,1
2xDq6lD+RsHXZUvq2KhRLnOpt5gXj0FgRGqLHYO8Wjs=,2019-Happy-holidays-fromUConn.pdf,application/pdf,0.981,,,https://draft-president.media.uconn.edu/wp-content/uploads/sites/3778/2024/01/2019-Happy-holidays-fromUConn.pdf,6/6/2020 17:19,0,0,0,0,0,0,0,0,0,0,0,0,0,0,0,0,0,0,0,0,0,0,0,0,0,0,0,0,0,0,0,0,0,0,0,0,0,1
gFjtyV2/jRGI+RPbh/YmD4Tzp6FRA4r+Ng3QMwB6hWc=,2019-Provost-Search-Committee-V2.pdf,application/pdf,0.069,2/18/2024 19:01,,,12/5/2019 3:41,0,0,0,0,0,0,0,0,0,0,0,0,0,0,0,0,0,0,0,0,0,0,0,0,0,0,0,0,0,0,1,0,0,0,0,0,1,0
3miiyb5/fZIT+9EKKf7hL50d9wR09yJl3i98jXm3Mzw=,2019-Provost-Search-Committee-V2.pdf,application/pdf,0.069,,,https://draft-president.media.uconn.edu/wp-content/uploads/sites/3778/2024/01/2019-Provost-Search-Committee-V2.pdf,12/5/2019 3:41,0,0,0,0,0,0,0,0,0,0,0,0,0,0,0,0,0,0,0,0,0,0,0,0,0,0,0,0,0,0,1,0,0,0,0,0,1,0
b2ETtkKiyK6rUufWAfa1vVM/SDXuO7cX75wWXDz0cQU=,2019-Provost-Search-Committee.pdf,application/pdf,0.069,2/18/2024 19:15,,,9/18/2019 8:42,0,0,0,0,0,0,0,0,0,0,0,0,0,0,0,0,0,0,0,0,0,0,0,0,0,0,0,0,0,0,1,0,0,0,0,0,1,0
1NEo5dPKKqIMPdn6RCfl0ws/txHnzfGcDoN4yCIFrTM=,2019-Provost-Search-Committee.pdf,application/pdf,0.069,,,https://draft-president.media.uconn.edu/wp-content/uploads/sites/3778/2024/01/2019-Provost-Search-Committee.pdf,9/18/2019 8:42,0,0,0,0,0,0,0,0,0,0,0,0,0,0,0,0,0,0,0,0,0,0,0,0,0,0,0,0,0,0,1,0,0,0,0,0,1,0
4n3XKtgZ/EhPeI9J36ZjUyAcseWu6Xk4t/qFoOvMZt4=,2019-UConn-Student-Named-Rhodes-Scholar.pdf,application/pdf,0.981,2/18/2024 19:12,,,6/6/2020 17:17,0,0,0,0,0,0,0,0,0,0,0,0,0,0,0,0,0,0,0,0,0,0,0,0,0,0,0,0,0,0,0,0,0,0,0,0,0,1
z1pFfQ/C6ygCVntVgMEe+TZFqLodwl1AoLYI1lbere8=,2019-UConn-Student-Named-Rhodes-Scholar.pdf,application/pdf,0.981,,,https://draft-president.media.uconn.edu/wp-content/uploads/sites/3778/2024/01/2019-UConn-Student-Named-Rhodes-Scholar.pdf,6/6/2020 17:17,0,0,0,0,0,0,0,0,0,0,0,0,0,0,0,0,0,0,0,0,0,0,0,0,0,0,0,0,0,0,0,0,0,0,0,0,0,1
v91xwYoRheyEKhfH1z1Qy5BYFXhGYkpjTRjAiD1RmNE=,2020-07-24-Defund-UConn-Police-1.pdf,application/pdf,0.068124791,2/18/2024 19:13,,,9/6/2020 10:23,0,1,0,0,0,0,0,0,0,0,0,0,0,0,0,0,0,0,0,0,0,0,0,0,0,0,0,0,0,0,1,0,0,0,0,0,1,0
9K5hHbsw87BV2wp+giAB7kXQxEpvZTu8ASe79n4vLpQ=,2020-07-24-Defund-UConn-Police-1.pdf,application/pdf,0.068124791,,,https://draft-president.media.uconn.edu/wp-content/uploads/sites/3778/2024/01/2020-07-24-Defund-UConn-Police-1.pdf,9/6/2020 10:23,0,1,0,0,0,0,0,0,0,0,0,0,0,0,0,0,0,0,0,0,0,0,0,0,0,0,0,0,0,0,1,0,0,0,0,0,1,0
XUbjCnPZ+t5lyl7Mc39NYSfjDdob31BskWbPYEelvKA=,2020-10-21-Proposal-to-Admit-for-Fixed-Period-of-Stay.pdf,application/pdf,0.068119753,2/18/2024 19:14,,,11/12/2020 11:12,0,1,0,0,0,0,0,0,0,0,0,0,0,0,0,0,0,0,0,0,0,0,0,0,0,0,0,0,0,0,1,0,0,0,0,0,1,0
v0OBs/Xpag9/zkz3Qp9zPwTiaw+ZEyG9r0qFdHF+/Os=,2020-10-21-Proposal-to-Admit-for-Fixed-Period-of-Stay.pdf,application/pdf,0.068119753,,,https://draft-president.media.uconn.edu/wp-content/uploads/sites/3778/2024/01/2020-10-21-Proposal-to-Admit-for-Fixed-Period-of-Stay.pdf,11/12/2020 11:12,0,1,0,0,0,0,0,0,0,0,0,0,0,0,0,0,0,0,0,0,0,0,0,0,0,0,0,0,0,0,1,0,0,0,0,0,1,0
c9zGMZ0Fr6swQovL9zV2zyfyhqsPZnAisqlcBxBhxDs=,2020-Mental-Health-Wellbeing-Our-Students.pdf,application/pdf,0.981,2/18/2024 19:14,,,6/6/2020 17:17,0,0,0,0,0,0,0,0,0,0,0,0,0,0,0,0,0,0,0,0,0,0,0,0,0,0,0,0,0,0,0,0,0,0,0,0,0,1
sS1fB0e49i+QDDihtu8DhBOIkCPZAULVpQj4tGV7Ftg=,2020-Mental-Health-Wellbeing-Our-Students.pdf,application/pdf,0.981,,,https://draft-president.media.uconn.edu/wp-content/uploads/sites/3778/2024/01/2020-Mental-Health-Wellbeing-Our-Students.pdf,6/6/2020 17:17,0,0,0,0,0,0,0,0,0,0,0,0,0,0,0,0,0,0,0,0,0,0,0,0,0,0,0,0,0,0,0,0,0,0,0,0,0,1
Ci+ckLpy/7OORayLcBk0oBk7NFfov1qA6jHuR31/ipI=,2020-Preparing-COVID19.pdf,application/pdf,0.981,2/18/2024 19:00,,,6/6/2020 17:16,0,0,0,0,0,0,0,0,0,0,0,0,0,0,0,0,0,0,0,0,0,0,0,0,0,0,0,0,0,0,0,0,0,0,0,0,0,1
d7dUlOVXXV8esgKEPQyz0GnsOs2Lky9otIdW5kb3DA8=,2020-Preparing-COVID19.pdf,application/pdf,0.981,,,https://draft-president.media.uconn.edu/wp-content/uploads/sites/3778/2024/01/2020-Preparing-COVID19.pdf,6/6/2020 17:16,0,0,0,0,0,0,0,0,0,0,0,0,0,0,0,0,0,0,0,0,0,0,0,0,0,0,0,0,0,0,0,0,0,0,0,0,0,1
Mdugz6yI7wC6oNhWo4a0Qt477AzU5Sb5mXR8+w/oB3c=,2020-Provost-Law-Dean-Annoucement.pdf,application/pdf,0.981,2/18/2024 19:15,,,6/6/2020 17:19,0,0,0,0,0,0,0,0,0,0,0,0,0,0,0,0,0,0,0,0,0,0,0,0,0,0,0,0,0,0,0,0,0,0,0,0,0,1
Fc3Z59mMqIYmetiQlWJaCYcpMqWJ9COxPyEw9s5Q2n4=,2020-Provost-Law-Dean-Annoucement.pdf,application/pdf,0.981,,,https://draft-president.media.uconn.edu/wp-content/uploads/sites/3778/2024/01/2020-Provost-Law-Dean-Annoucement.pdf,6/6/2020 17:19,0,0,0,0,0,0,0,0,0,0,0,0,0,0,0,0,0,0,0,0,0,0,0,0,0,0,0,0,0,0,0,0,0,0,0,0,0,1
Q4pVEWzzUo85lsDG4IYNU44Zyimb0JUAU1RGTuXd2NQ=,2020-Reminder-SeekingYourBestIdeas.pdf,application/pdf,0.981,2/18/2024 19:16,,,6/6/2020 17:19,0,0,0,0,0,0,0,0,0,0,0,0,0,0,0,0,0,0,0,0,0,0,0,0,0,0,0,0,0,0,0,0,0,0,0,0,0,1
hzt6z1F6O601PPn5ptRBjAZ2LYnLFHCMLXtzovb0uIs=,2020-Reminder-SeekingYourBestIdeas.pdf,application/pdf,0.981,,,https://draft-president.media.uconn.edu/wp-content/uploads/sites/3778/2024/01/2020-Reminder-SeekingYourBestIdeas.pdf,6/6/2020 17:19,0,0,0,0,0,0,0,0,0,0,0,0,0,0,0,0,0,0,0,0,0,0,0,0,0,0,0,0,0,0,0,0,0,0,0,0,0,1
vcGMIjSd3fG0xQRfN/0ImNkgEjWZi3MDG/4D/SVQxnE=,2020-Virtual-Townhall-International-Students.pdf,application/pdf,0.981,2/18/2024 19:13,,,6/6/2020 17:15,0,0,0,0,0,0,0,0,0,0,0,0,0,0,0,0,0,0,0,0,0,0,0,0,0,0,0,0,0,0,0,0,0,0,0,0,0,1
1E6Gk8t+7zUEhtZ4dD/3kwPEVbH6xdrem/FPJPs/zFM=,2020-Virtual-Townhall-International-Students.pdf,application/pdf,0.981,,,https://draft-president.media.uconn.edu/wp-content/uploads/sites/3778/2024/01/2020-Virtual-Townhall-International-Students.pdf,6/6/2020 17:15,0,0,0,0,0,0,0,0,0,0,0,0,0,0,0,0,0,0,0,0,0,0,0,0,0,0,0,0,0,0,0,0,0,0,0,0,0,1
u1+mQqZR4TIEUOb10fUNP7fZ6hv12i/lW/0G94MVg0w=,2021-03-30-Bias-Incident-Letter.pdf,application/pdf,0.9905,2/18/2024 19:16,,,4/7/2021 2:18,0,0,0,0,0,0,0,0,0,0,0,0,0,0,0,0,0,0,0,0,0,0,0,0,0,0,0,0,0,0,0,0,0,0,0,0,0,1
FAa0JiHACIilxyuQWHp3gMegUKFI9tmIN63uMX+Uta4=,2021-03-30-Bias-Incident-Letter.pdf,application/pdf,0.9905,,,https://draft-president.media.uconn.edu/wp-content/uploads/sites/3778/2024/01/2021-03-30-Bias-Incident-Letter.pdf,4/7/2021 2:18,0,0,0,0,0,0,0,0,0,0,0,0,0,0,0,0,0,0,0,0,0,0,0,0,0,0,0,0,0,0,0,0,0,0,0,0,0,1
MvInUmttMFD+aEzjQZZ0BlMpTCTcv+zI5lXjc4wQpe0=,2022-03-28-Library-Incident.pdf,application/pdf,0.9905,2/18/2024 19:01,,,4/5/2022 12:43,0,0,0,0,0,0,0,0,0,0,0,0,0,0,0,0,0,0,0,0,0,0,0,0,0,0,0,0,0,0,0,0,0,0,0,0,0,1
mF7WBt4tfU6rq+FPv/rj6cRxBwHlcvkQSyFqjRgp60w=,2022-03-28-Library-Incident.pdf,application/pdf,1,,,https://draft-president.media.uconn.edu/wp-content/uploads/sites/3778/2024/01/2022-03-28-Library-Incident.pdf,3/18/2024 12:48,0,0,0,0,0,0,0,0,0,0,0,0,0,0,0,0,0,0,0,0,0,0,0,0,0,0,0,0,0,0,0,0,0,0,0,0,0,0
SlPM+BldfI0sfBTI+ZTXvdANaB5HVWKpy08lHwUv/0M=,2022-12-7-Who-We-Are-BOT-Meeting-v2_12-12-22.pdf,application/pdf,0.05,2/18/2024 19:24,,,1/15/2023 11:33,0,1,0,0,0,0,0,0,0,0,0,0,0,0,0,0,0,0,0,0,0,0,0,0,0,0,0,0,0,0,1,0,0,0,0,0,1,1
4rRwyMKBw+0WKdk1ZyejCkiIkMrk/Ua88xS8ApYBT+M=,2022-12-7-Who-We-Are-BOT-Meeting-v2_12-12-22.pdf,application/pdf,0.964466482,,,https://draft-president.media.uconn.edu/wp-content/uploads/sites/3778/2024/01/2022-12-7-Who-We-Are-BOT-Meeting-v2_12-12-22.pdf,3/18/2024 13:53,1,1,0,0,0,0,0,0,0,0,0,0,0,0,0,0,0,0,0,0,0,0,0,0,0,0,0,0,0,0,0,0,0,0,0,0,0,0
ihs4uQPuIhjA23FRCNGFR2fH2JLS8AMV3EtU8AjyHi8=,2024-Sustainability-Action-Plan-Final.pdf,application/pdf,1,,,https://president.media.uconn.edu/wp-content/uploads/sites/3778/2024/02/2024-Sustainability-Action-Plan-Final.pdf,3/27/2024 15:59,0,0,0,0,0,0,0,0,0,0,0,0,0,0,0,0,0,0,0,0,0,0,0,0,0,0,0,0,0,0,0,0,0,0,0,0,0,0
4Cr7Si7T1k+7+TV8p221KrLX0LE0K1KVBfE31CB7m/M=,3.-SAHT-Overview.pdf,application/pdf,0.533042073,2/18/2024 19:00,,,4/1/2022 20:16,1,1,0,0,0,0,0,0,0,0,0,0,0,0,0,0,0,0,0,0,0,0,0,0,0,0,0,0,0,0,0,0,0,0,0,0,0,0
exs0K57mQKbJokn68UABhqRRjZN0bGSJVOLYReNOi2s=,3.-SAHT-Overview.pdf,application/pdf,0.533042073,,,https://draft-president.media.uconn.edu/wp-content/uploads/sites/3778/2024/01/3.-SAHT-Overview.pdf,4/1/2022 20:16,1,1,0,0,0,0,0,0,0,0,0,0,0,0,0,0,0,0,0,0,0,0,0,0,0,0,0,0,0,0,0,0,0,0,0,0,0,0
vwvyVL/AFcxH/9ILvyCW65jYHn/ZZP1cfsuKjqrR4ug=,4.-U-Got-This-Task-Force-Presentation.pdf,application/pdf,0.506981825,2/18/2024 19:01,,,4/1/2022 20:16,1,1,0,0,0,1,0,0,0,0,0,0,0,0,0,0,0,0,0,0,0,0,0,0,0,0,0,0,0,0,0,0,0,0,0,0,0,0
lNW/OETjMmGfqSFsr/ygE5tQQ3F1f9J7dVq8ZCDIatM=,4.-U-Got-This-Task-Force-Presentation.pdf,application/pdf,0.506981825,,,https://draft-president.media.uconn.edu/wp-content/uploads/sites/3778/2024/01/4.-U-Got-This-Task-Force-Presentation.pdf,4/1/2022 20:16,1,1,0,0,0,1,0,0,0,0,0,0,0,0,0,0,0,0,0,0,0,0,0,0,0,0,0,0,0,0,0,0,0,0,0,0,0,0
hcP3vIi33l6S9pRs7wLyou3iUoYnIA/MBRF51epGrZ0=,5.-Presidents-Task-Force-on-Combatting-Sexual-Violence-and-Supporting-Our-Students_FINALpptx.pdf,application/pdf,0.266075862,2/18/2024 19:01,,,4/1/2022 20:18,1,1,0,1,0,0,0,0,0,0,0,0,0,0,0,0,0,0,0,0,0,0,0,0,0,0,0,0,0,0,1,0,0,0,0,0,0,1
ht2rL9+7qmQcQIzjy4gtJnyyhgUSqZlSOIYuyaaLV1o=,5.-Presidents-Task-Force-on-Combatting-Sexual-Violence-and-Supporting-Our-Students_FINALpptx.pdf,application/pdf,0.266075862,,,https://draft-president.media.uconn.edu/wp-content/uploads/sites/3778/2024/01/5.-Presidents-Task-Force-on-Combatting-Sexual-Violence-and-Supporting-Our-Students_FINALpptx.pdf,4/1/2022 20:18,1,1,0,1,0,0,0,0,0,0,0,0,0,0,0,0,0,0,0,0,0,0,0,0,0,0,0,0,0,0,1,0,0,0,0,0,0,1
vCjxhErkEuSPsFgDSR4T4dPVnouCTyB+/YAnkM4ZLCo=,A-Message-to-the-UConn-Community-11-20-2020.pdf,application/pdf,0.9905,2/18/2024 19:13,,,11/24/2020 5:03,0,0,0,0,0,0,0,0,0,0,0,0,0,0,0,0,0,0,0,0,0,0,0,0,0,0,0,0,0,0,0,0,0,0,0,0,0,1
UMzqcDA3iU+MmS+u3d1fKpx+cvjuBrEbIBBYN2CBs7M=,A-Message-to-the-UConn-Community-11-20-2020.pdf,application/pdf,0.9905,,,https://draft-president.media.uconn.edu/wp-content/uploads/sites/3778/2024/01/A-Message-to-the-UConn-Community-11-20-2020.pdf,11/24/2020 5:03,0,0,0,0,0,0,0,0,0,0,0,0,0,0,0,0,0,0,0,0,0,0,0,0,0,0,0,0,0,0,0,0,0,0,0,0,0,1
SYBIjRBkbV2lOV/NVWYI29EiWQNOXaN+iE+vywjWi0U=,A-Z Index | Office of the President,application/x-page,0.998780488,,,https://president.uconn.edu/a-z-index,11/27/2023 17:57,0,0,0,0,0,0,0,1,0,0,0,0,0,0,0,0,0,0,0,1,0,0,0,0,0,0,0,0,0,0,0,0,0,0,0,0,0,0
ZFGmXo8mBPct7VD9Za4PbC+ePij4XOuTICUcu10Rl10=,A-Z Index | Office of the President,application/x-page,1,,,https://president.uconn.edu/a-z-index/,5/6/2024 4:26,0,0,0,0,0,0,0,0,0,0,0,0,0,0,0,0,0,0,0,0,0,0,0,0,0,0,0,0,0,0,0,0,0,0,0,0,0,0
HqTSx62EJqJf5DKi3q7OxI9ydPHHQ2paMctpDWm8ZIY=,Academic-Planning-Fall-2020.pdf,application/pdf,0.981,2/18/2024 19:10,,,6/6/2020 17:18,0,0,0,0,0,0,0,0,0,0,0,0,0,0,0,0,0,0,0,0,0,0,0,0,0,0,0,0,0,0,0,0,0,0,0,0,0,1
HY9wExhoNRfYdX3bJ0n3EbUkdB2kR1Ex8MMyc08ZCsE=,Academic-Planning-Fall-2020.pdf,application/pdf,0.981,,,https://draft-president.media.uconn.edu/wp-content/uploads/sites/3778/2024/01/Academic-Planning-Fall-2020.pdf,6/6/2020 17:18,0,0,0,0,0,0,0,0,0,0,0,0,0,0,0,0,0,0,0,0,0,0,0,0,0,0,0,0,0,0,0,0,0,0,0,0,0,1
mpPag+Xs/QWGUmXHc7tNrGH0ys+NSlqYerwR21Du01E=,AdditRescisFY09.pdf,application/pdf,0.1165,2/18/2024 19:01,,,3/15/2022 11:33,0,0,0,0,0,0,0,0,0,0,0,0,0,0,0,0,0,0,0,0,0,0,0,0,0,0,0,0,0,0,0,0,0,0,0,0,1,0
BWEvo7lAvIagZ0L81EPMwSyvaCl16b3EWnEBzrdOJO0=,AdditRescisFY09.pdf,application/pdf,0.1165,,,https://draft-president.media.uconn.edu/wp-content/uploads/sites/3778/2024/01/AdditRescisFY09.pdf,3/15/2022 11:33,0,0,0,0,0,0,0,0,0,0,0,0,0,0,0,0,0,0,0,0,0,0,0,0,0,0,0,0,0,0,0,0,0,0,0,0,1,0
Gi/2qZF3w4ZD8uhfC8zlS/NB+MmTRe8cZXOTb24+6Ks=,Agenda-Presidents-Working-Group-Sustainability-the-Environment-01.24.20.pdf,application/pdf,0.505075639,2/18/2024 19:01,,,3/18/2020 6:35,1,1,0,0,0,0,0,0,0,0,0,0,0,0,0,0,0,0,0,0,0,0,0,0,0,0,0,0,0,0,0,0,0,0,0,1,0,1
JhNGHAIUsqDUswu+AwEz9XrS/QkDMt0Gend2gC9+31Y=,Agenda-Presidents-Working-Group-Sustainability-the-Environment-01.24.20.pdf,application/pdf,0.505075639,,,https://draft-president.media.uconn.edu/wp-content/uploads/sites/3778/2024/01/Agenda-Presidents-Working-Group-Sustainability-the-Environment-01.24.20.pdf,3/18/2020 6:35,1,1,0,0,0,0,0,0,0,0,0,0,0,0,0,0,0,0,0,0,0,0,0,0,0,0,0,0,0,0,0,0,0,0,0,1,0,1
QZnntGIoCgcU4Ezw921wHsp0YomhenOlEdQV4yQzMwg=,Agenda-Presidents-Working-Group-Sustainability-the-Environment-12-6-19.pdf,application/pdf,0.9905,2/18/2024 19:16,,,3/18/2020 6:36,0,0,0,0,0,0,0,0,0,0,0,0,0,0,0,0,0,0,0,0,0,0,0,0,0,0,0,0,0,0,0,0,0,0,0,0,0,1
WlpBAoNqERs7GtiLrv4If25AVAfS5PZzZxQs0v0dTgk=,Agenda-Presidents-Working-Group-Sustainability-the-Environment-12-6-19.pdf,application/pdf,0.9905,,,https://draft-president.media.uconn.edu/wp-content/uploads/sites/3778/2024/01/Agenda-Presidents-Working-Group-Sustainability-the-Environment-12-6-19.pdf,3/18/2020 6:36,0,0,0,0,0,0,0,0,0,0,0,0,0,0,0,0,0,0,0,0,0,0,0,0,0,0,0,0,0,0,0,0,0,0,0,0,0,1
t0S2ce8156ELQ5F52gfV995ncXoI5/VtuyFXk0hdwmI=,Agnes Lipinski | Office of the President,application/x-page,1,,,https://president.uconn.edu/person/agnes-lipinski/,5/6/2024 4:26,0,0,0,0,0,0,0,0,0,0,0,0,0,0,0,0,0,0,0,0,0,0,0,0,0,0,0,0,0,0,0,0,0,0,0,0,0,0
Vrkf8jfpSKq4s5K8NLIctxM5GZlYQpbKJ0rTD6uH39U=,Agwunobi_210628a024-1-scaled.jpg,image/jpeg,1,2/8/2022 22:17,,,7/6/2021 17:51,0,0,0,0,0,0,0,0,0,0,0,0,0,0,0,0,0,0,0,0,0,0,0,0,0,0,0,0,0,0,0,0,0,0,0,0,0,0
i2MhmPgK32w94KcC7PicnaSc/2TuuXSaB6EAuAY5g/k=,Agwunobi_210628a028-scaled.jpg,image/jpeg,1,2/8/2022 22:15,,,7/6/2021 17:51,0,0,0,0,0,0,0,0,0,0,0,0,0,0,0,0,0,0,0,0,0,0,0,0,0,0,0,0,0,0,0,0,0,0,0,0,0,0
bQ1iiEOXtVufcTlGE4QS+68HXIBITofwa+L7c4IKpeU=,Agwunobi_Andrew_CV.pdf,application/pdf,0.95361625,2/8/2022 22:13,,,5/24/2021 22:31,0,0,0,0,0,1,0,0,0,0,0,0,0,0,0,0,0,0,0,0,0,0,0,0,0,0,0,0,0,0,0,0,0,0,0,0,0,0
EBcotElFOUZXtqjpdxecBGVOEzmHUeWiUBvDW3+hpEc=,Alpay-Pamir_CV_VPRIE-2023.pdf,application/pdf,0.0975,8/31/2023 4:21,,,6/19/2023 3:28,0,0,0,0,0,0,0,0,0,0,0,0,0,0,0,0,0,0,0,0,0,0,0,0,0,0,0,0,0,0,0,0,0,0,0,0,1,1
UeQMG62ZlHAZkFD4Ye4R/2fsJMlc/JBguquEEdIdAe0=,Announce_51210.pdf,application/pdf,0.069,2/18/2024 19:12,,,3/15/2022 11:31,0,0,0,0,0,0,0,0,0,0,0,0,0,0,0,0,0,0,0,0,0,0,0,0,0,0,0,0,0,0,1,0,0,0,0,0,1,0
UhorEKabVleYSMQDfhVdbqXtaHFD7Q2fS/+C5QuxnQ0=,Announce_51210.pdf,application/pdf,0.069,,,https://draft-president.media.uconn.edu/wp-content/uploads/sites/3778/2024/01/Announce_51210.pdf,3/15/2022 11:31,0,0,0,0,0,0,0,0,0,0,0,0,0,0,0,0,0,0,0,0,0,0,0,0,0,0,0,0,0,0,1,0,0,0,0,0,1,0
6weFqJHTt9DLZ0tN53BnLPWk7S8zCT153OEVOvLXqnY=,Biography | Office of the President,application/x-page,1,,,https://president.uconn.edu/biography/,5/6/2024 4:25,0,0,0,0,0,0,0,0,0,0,0,0,0,0,0,0,0,0,0,0,0,0,0,0,0,0,0,0,0,0,0,0,0,0,0,0,0,0
6GxvH90utQDOtHeu3eoi41wJSOQAFJ3BcAQWbb6u+4s=,Blank Template | Office of the President,application/x-page,0.998,,,https://president.uconn.edu/blank-template-example/,5/6/2024 4:25,0,0,0,0,0,0,0,0,0,0,0,0,0,1,0,0,0,0,0,0,0,0,0,0,0,0,0,0,0,0,0,0,0,0,0,0,0,0
J6937mBpE++ZrDDXQrayriCtbs4Jf/BHd9NxZgbchhM=,Blank | Office of the President,application/x-page,1,,,https://president.uconn.edu/blank/,5/6/2024 4:25,0,0,0,0,0,0,0,0,0,0,0,0,0,0,0,0,0,0,0,0,0,0,0,0,0,0,0,0,0,0,0,0,0,0,0,0,0,0
pL+vkmx9hTToAogJt4FdVbXVHFRJ5612z31dRnMTQZY=,Budget-Discussion-video-slides.pdf,application/pdf,0.550163907,2/18/2024 19:25,,,1/28/2024 19:28,1,1,0,0,0,1,0,0,0,0,0,0,0,0,0,0,0,0,0,0,0,0,0,0,0,0,0,0,0,0,0,0,0,0,0,1,0,0
3qxDSHpVhVInzA9+0S4UzeGeEgwUHJ1kz0Fshg9axGU=,Budget101308.pdf,application/pdf,0.1165,2/18/2024 19:12,,,3/15/2022 11:34,0,0,0,0,0,0,0,0,0,0,0,0,0,0,0,0,0,0,0,0,0,0,0,0,0,0,0,0,0,0,0,0,0,0,0,0,1,0
Kp7sPkP2bpAINuVnaqbxkbsZKECAJOduownyDncbh/k=,Budget101308.pdf,application/pdf,0.1165,,,https://draft-president.media.uconn.edu/wp-content/uploads/sites/3778/2024/01/Budget101308.pdf,3/15/2022 11:34,0,0,0,0,0,0,0,0,0,0,0,0,0,0,0,0,0,0,0,0,0,0,0,0,0,0,0,0,0,0,0,0,0,0,0,0,1,0
wIjTGP7pC+mRrHm1zCw7XiaraIm6ACpodjFJrrm9ryQ=,CNTF-Wk1.pdf,application/pdf,0.05,2/18/2024 19:11,,,5/9/2023 9:28,0,1,0,0,0,0,0,0,0,0,0,0,0,0,0,0,0,0,0,0,0,0,0,0,0,0,0,0,0,0,1,0,0,0,0,0,1,1
HmyPZPyRqo0IPUSlb27z4NnVyi2PEn5sgNz/tBnaZKg=,CNTF-Wk1.pdf,application/pdf,0.05,,,https://draft-president.media.uconn.edu/wp-content/uploads/sites/3778/2024/01/CNTF-Wk1.pdf,5/9/2023 9:28,0,1,0,0,0,0,0,0,0,0,0,0,0,0,0,0,0,0,0,0,0,0,0,0,0,0,0,0,0,0,1,0,0,0,0,0,1,1
gV6S9Fv/1+Ak9X2mm3Fbxty0kIpx/+5p6ChF53jv0Ns=,CNTF-Wk2.pdf,application/pdf,0.068073765,2/18/2024 19:19,,,5/9/2023 9:28,0,1,0,0,0,0,0,0,0,0,0,0,0,0,0,0,0,0,0,0,0,0,0,0,0,0,0,0,0,0,1,0,0,0,0,0,1,0
i4JB+u2MA6vhG4UZ/W3AAQouA39iM9zpN5E+TGPUpNE=,CNTF-Wk2.pdf,application/pdf,0.068073765,,,https://draft-president.media.uconn.edu/wp-content/uploads/sites/3778/2024/01/CNTF-Wk2.pdf,5/9/2023 9:28,0,1,0,0,0,0,0,0,0,0,0,0,0,0,0,0,0,0,0,0,0,0,0,0,0,0,0,0,0,0,1,0,0,0,0,0,1,0
5bYl0UO0ceZhtnUR2vdmvTx8X/G09byKL5tdkWrZ+sw=,CNTF-Wk3.pdf,application/pdf,0.064643026,2/18/2024 19:11,,,5/9/2023 9:28,0,1,0,0,0,0,0,0,0,0,0,0,0,0,0,0,0,0,0,0,0,0,0,0,0,0,0,0,0,0,1,0,0,0,0,0,1,0
13zG5vQTo6XiOayjm112o9jOpMk081Pt1pXBkBQQ8vY=,CNTF-Wk3.pdf,application/pdf,0.064643026,,,https://draft-president.media.uconn.edu/wp-content/uploads/sites/3778/2024/01/CNTF-Wk3.pdf,5/9/2023 9:28,0,1,0,0,0,0,0,0,0,0,0,0,0,0,0,0,0,0,0,0,0,0,0,0,0,0,0,0,0,0,1,0,0,0,0,0,1,0
/JIW1i08FdtsaPepSzex5/f4Na/drL3513tFqjlNe9M=,CNTF-Wk4.pdf,application/pdf,0.067564201,2/18/2024 19:16,,,5/9/2023 9:28,0,1,0,0,0,0,0,0,0,0,0,0,0,0,0,0,0,0,0,0,0,0,0,0,0,0,0,0,0,0,1,0,0,0,0,0,1,0
62uJhk9mBCC2a52XSV0PFUgfx1FFKLVxW25gwJVyTJ4=,CNTF-Wk4.pdf,application/pdf,0.067564201,,,https://draft-president.media.uconn.edu/wp-content/uploads/sites/3778/2024/01/CNTF-Wk4.pdf,5/9/2023 9:28,0,1,0,0,0,0,0,0,0,0,0,0,0,0,0,0,0,0,0,0,0,0,0,0,0,0,0,0,0,0,1,0,0,0,0,0,1,0
mJpSBcO9wnOkXZaaGno9SiciyG1zyc6D1bsFTJIt2rM=,CNTF-Wk5.pdf,application/pdf,0.068615265,2/18/2024 19:15,,,5/9/2023 9:29,0,1,0,0,0,0,0,0,0,0,0,0,0,0,0,0,0,0,0,0,0,0,0,0,0,0,0,0,0,0,1,0,0,0,0,0,1,0
ig+XrEqQftR5OpvLcZxExHE/C/8PYlJOZth88qAyefM=,CNTF-Wk5.pdf,application/pdf,0.068615265,,,https://draft-president.media.uconn.edu/wp-content/uploads/sites/3778/2024/01/CNTF-Wk5.pdf,5/9/2023 9:29,0,1,0,0,0,0,0,0,0,0,0,0,0,0,0,0,0,0,0,0,0,0,0,0,0,0,0,0,0,0,1,0,0,0,0,0,1,0
jGFau++ejehH8Ad9OvPM1VhwASmtZl9k95PkhKaV4lA=,CNTF-Wk6-1.pdf,application/pdf,0.068911102,,,https://draft-president.media.uconn.edu/wp-content/uploads/sites/3778/2024/01/CNTF-Wk6-1.pdf,2/18/2024 19:17,0,1,0,0,0,0,0,0,0,0,0,0,0,0,0,0,0,0,0,0,0,0,0,0,0,0,0,0,0,0,1,0,0,0,0,0,1,0
1hzZ9rD6diuTmeft1vWL1uch33NonftfG1VhfuYoaSI=,CNTF_Wk7_Geothermal.pdf,application/pdf,0.999157801,2/18/2024 19:15,,,5/9/2023 9:28,0,1,0,0,0,0,0,0,0,0,0,0,0,0,0,0,0,0,0,0,0,0,0,0,0,0,0,0,0,0,0,0,0,0,0,0,0,0
DRLrvFqfz9elmLSaDiBstxWEFLcOqsDjT+QejF4LXfw=,CNTF_Wk7_Geothermal.pdf,application/pdf,0.999157801,,,https://draft-president.media.uconn.edu/wp-content/uploads/sites/3778/2024/01/CNTF_Wk7_Geothermal.pdf,5/9/2023 9:28,0,1,0,0,0,0,0,0,0,0,0,0,0,0,0,0,0,0,0,0,0,0,0,0,0,0,0,0,0,0,0,0,0,0,0,0,0,0
SRF4HUL0BX3phSxHks04DRca4KrSJT4O5VlWe629XBk=,CORE_TaskForce_Charge.pdf,application/pdf,0.078055,2/18/2024 19:15,,,3/15/2022 11:31,0,0,0,0,0,0,0,0,0,0,0,0,0,0,0,0,0,0,0,0,0,0,0,0,0,0,0,0,0,0,0,1,0,0,0,0,1,0
4D+8WrIQ/21SnWcMgIchKLh5/+uzUqXegjgnB7G8dyE=,CORE_TaskForce_Charge.pdf,application/pdf,0.078055,,,https://draft-president.media.uconn.edu/wp-content/uploads/sites/3778/2024/01/CORE_TaskForce_Charge.pdf,3/15/2022 11:31,0,0,0,0,0,0,0,0,0,0,0,0,0,0,0,0,0,0,0,0,0,0,0,0,0,0,0,0,0,0,0,1,0,0,0,0,1,0
Uj0N4qnpujAxXhtb+UTgQBTCVXPyr+qfersS6u9Bg+s=,CRWG-Wk-8.pdf,application/pdf,0.815954416,2/18/2024 19:02,,,5/9/2023 9:28,0,1,0,0,0,0,0,0,0,0,0,0,0,0,0,0,0,0,0,0,0,0,0,0,0,0,0,0,0,0,0,0,0,0,0,0,0,0
c8jae9xRx6bFbz+7sYOE2zabei9diXffAlm+8rt6LVw=,CRWG-Wk-8.pdf,application/pdf,0.815954416,,,https://draft-president.media.uconn.edu/wp-content/uploads/sites/3778/2024/01/CRWG-Wk-8.pdf,5/9/2023 9:28,0,1,0,0,0,0,0,0,0,0,0,0,0,0,0,0,0,0,0,0,0,0,0,0,0,0,0,0,0,0,0,0,0,0,0,0,0,0
Kd3p/3F4BMX4Iw/NpGPJs6Cra/CFKH7kwn0WS4vLPuI=,Campus-Civility-Events-2015.pdf,application/pdf,0.5171625,2/18/2024 19:01,,,3/15/2022 11:34,0,0,0,1,0,0,0,0,0,0,0,0,0,0,0,0,0,0,0,0,0,0,0,0,0,0,0,0,0,0,0,0,0,0,0,0,0,1
Ah5M3EtZf0vI3tCQhNay4H8RbBjJ847HdwfX+C5QGfI=,Campus-Civility-Events-2015.pdf,application/pdf,0.5171625,,,https://draft-president.media.uconn.edu/wp-content/uploads/sites/3778/2024/01/Campus-Civility-Events-2015.pdf,3/15/2022 11:34,0,0,0,1,0,0,0,0,0,0,0,0,0,0,0,0,0,0,0,0,0,0,0,0,0,0,0,0,0,0,0,0,0,0,0,0,0,1
+SOEPTMgcp+ZxWMZF0xHLTAO50FviA9ceywGsCv3svA=,Cara Workman | Office of the President,application/x-page,1,,,https://president.uconn.edu/person/cara-workman/,4/28/2024 22:09,0,0,0,0,0,0,0,0,0,0,0,0,0,0,0,0,0,0,0,0,0,0,0,0,0,0,0,0,0,0,0,0,0,0,0,0,0,0
F/fXJ5XSQEBy4wg8FeYkZImKyA1RhQp8BzFIrjdPiIk=,Carbon Reduction Working Group | Office of the President,application/x-page,0.998823529,,,https://president.uconn.edu/communications/carbon-reduction-working-group/,5/6/2024 4:27,0,0,0,0,0,0,0,1,0,0,0,0,0,1,0,0,0,0,0,0,0,0,0,0,0,0,0,0,0,0,0,0,0,0,0,0,0,0
RGvw4aEnUlj+eGAcxvzyu5uGdEQFu2mvh8FcmmzsphI=,Carbon-Coffee-Hour-Science-One-Tour-October-2023.pdf,application/pdf,0,2/18/2024 19:25,,,12/16/2023 9:15,0,0,0,0,0,0,0,0,0,0,0,0,0,0,0,0,0,0,0,0,0,0,0,0,0,0,0,0,0,0,0,0,0,1,0,0,0,0
9o+AXxbBvc8U0aK0VWiHBtUK1UQxQ7Fkiffvxwd5HIU=,Carbon-Coffee-Hour-Science-One-Tour-October-2023.pdf,application/pdf,0,,,https://draft-president.media.uconn.edu/wp-content/uploads/sites/3778/2024/01/Carbon-Coffee-Hour-Science-One-Tour-October-2023.pdf,12/16/2023 9:15,0,0,0,0,0,0,0,0,0,0,0,0,0,0,0,0,0,0,0,0,0,0,0,0,0,0,0,0,0,0,0,0,0,1,0,0,0,0
DWm2WZnbJrik2vbojfG+2mbPy1QvStLi5RprEsvPNsU=,Carbon-Coffee-Hour-Supplying-UConns-Energy-October-2023.pdf,application/pdf,0,2/18/2024 19:17,,,12/16/2023 9:16,0,0,0,0,0,0,0,0,0,0,0,0,0,0,0,0,0,0,0,0,0,0,0,0,0,0,0,0,0,0,0,0,0,1,0,0,0,0
j3HQkK8aMZH8CBWBnzCwbm95fakgVRwVwEHWDC9gQ04=,Carbon-Coffee-Hour-Supplying-UConns-Energy-October-2023.pdf,application/pdf,0,,,https://draft-president.media.uconn.edu/wp-content/uploads/sites/3778/2024/01/Carbon-Coffee-Hour-Supplying-UConns-Energy-October-2023.pdf,12/16/2023 9:16,0,0,0,0,0,0,0,0,0,0,0,0,0,0,0,0,0,0,0,0,0,0,0,0,0,0,0,0,0,0,0,0,0,1,0,0,0,0
m922k+969gG2So+W/g/QcjeiMpsYChU4T4ls79FVTVU=,Carbon-Emissions-and-Reductions-at-UConn-01.24.20.pdf,application/pdf,0.481187701,2/18/2024 19:15,,,3/18/2020 6:34,1,1,0,0,0,0,0,0,0,0,0,0,0,0,0,0,0,0,0,0,0,0,0,0,0,0,0,0,0,0,0,0,0,0,0,1,0,0
bMJU3VR4eP1+kVLUxiS2v3d8KdouN5H6xEPvOsI1/Vs=,Carbon-Emissions-and-Reductions-at-UConn-01.24.20.pdf,application/pdf,0.481187701,,,https://draft-president.media.uconn.edu/wp-content/uploads/sites/3778/2024/01/Carbon-Emissions-and-Reductions-at-UConn-01.24.20.pdf,3/18/2020 6:34,1,1,0,0,0,0,0,0,0,0,0,0,0,0,0,0,0,0,0,0,0,0,0,0,0,0,0,0,0,0,0,0,0,0,0,1,0,0
Of/syNLP2anJp6J6nd/wL6L0znXB8MElh3N6cINkpT4=,Celebrating-Our-Husky-Pride.pdf,application/pdf,0.95361625,,,https://president.media.uconn.edu/wp-content/uploads/sites/3778/2024/04/Celebrating-Our-Husky-Pride.pdf,4/7/2024 19:36,0,0,0,0,0,1,0,0,0,0,0,0,0,0,0,0,0,0,0,0,0,0,0,0,0,0,0,0,0,0,0,0,0,0,0,0,0,0
3eE7l1Gab/asYrIqTIus0msRgr3EElOJagRj69XMnEw=,Changes-to-the-Spring-22-Semester.pdf,application/pdf,0.9905,2/18/2024 19:24,,,1/4/2022 22:02,0,0,0,0,0,0,0,0,0,0,0,0,0,0,0,0,0,0,0,0,0,0,0,0,0,0,0,0,0,0,0,0,0,0,0,0,0,1
GdxjIB3sS3tDw1vSbO2tLt1K6geUuq6BBADjq/arH2c=,Changes-to-the-Spring-22-Semester.pdf,application/pdf,1,,,https://draft-president.media.uconn.edu/wp-content/uploads/sites/3778/2024/01/Changes-to-the-Spring-22-Semester.pdf,3/25/2024 15:15,0,0,0,0,0,0,0,0,0,0,0,0,0,0,0,0,0,0,0,0,0,0,0,0,0,0,0,0,0,0,0,0,0,0,0,0,0,0
NVx2gXeISfm0EEtLfs6QoEl8VZGPJfP5mhIKFC55p6Y=,Charge-Presidents-Working-Group-01.21.19.pdf,application/pdf,0.9905,2/18/2024 19:16,,,3/18/2020 6:36,0,0,0,0,0,0,0,0,0,0,0,0,0,0,0,0,0,0,0,0,0,0,0,0,0,0,0,0,0,0,0,0,0,0,0,0,0,1
Nd6JEtK1KA482UwL2UAr41PzpB2gobe/sKNRHDWWVyw=,Charge-Presidents-Working-Group-01.21.19.pdf,application/pdf,0.9905,,,https://draft-president.media.uconn.edu/wp-content/uploads/sites/3778/2024/01/Charge-Presidents-Working-Group-01.21.19.pdf,3/18/2020 6:36,0,0,0,0,0,0,0,0,0,0,0,0,0,0,0,0,0,0,0,0,0,0,0,0,0,0,0,0,0,0,0,0,0,0,0,0,0,1
fTlewxDwnrKt1Ng6nwwRf6Pn7Tp5TNOi7mrXBfQaXR4=,Chief-Diversity-Officer-Search-Committee-2019-1.pdf,application/pdf,0.359428571,2/18/2024 19:13,,,12/5/2019 3:39,1,0,0,1,0,0,0,0,0,0,0,0,0,0,0,0,0,0,0,0,0,0,0,0,0,0,0,0,0,0,0,0,0,0,0,1,0,1
A2YfnoHM2G5WlqnxNno0/z5Y6ZhsSAZvBV4QOTfuQNw=,Chief-Diversity-Officer-Search-Committee-2019-1.pdf,application/pdf,0.359428571,,,https://draft-president.media.uconn.edu/wp-content/uploads/sites/3778/2024/01/Chief-Diversity-Officer-Search-Committee-2019-1.pdf,12/5/2019 3:39,1,0,0,1,0,0,0,0,0,0,0,0,0,0,0,0,0,0,0,0,0,0,0,0,0,0,0,0,0,0,0,0,0,0,0,1,0,1
HcoHJmzKvs6JvBruXsvBqAyiTi2ImJONYR9YZclgPho=,Chief-Diversity-Officer-Search-Committee-2019.pdf,application/pdf,0.359428571,12/5/2019 3:39,,,11/6/2019 13:53,1,0,0,1,0,0,0,0,0,0,0,0,0,0,0,0,0,0,0,0,0,0,0,0,0,0,0,0,0,0,0,0,0,0,0,1,0,1
C+U628r8OJria3oPtM1/xB84cQrRjEDeKI/ADH5CzpU=,Civility-and-Campus-Culture-Message-to-Pres-FINAL-1.pdf,application/pdf,0.5171625,2/18/2024 19:10,,,3/15/2022 11:31,0,0,0,1,0,0,0,0,0,0,0,0,0,0,0,0,0,0,0,0,0,0,0,0,0,0,0,0,0,0,0,0,0,0,0,0,0,1
8aGXeaIzVKDk7wcvnFwlACoU1sCmbKWFTxxGqLPh9PY=,Civility-and-Campus-Culture-Message-to-Pres-FINAL-1.pdf,application/pdf,0.5171625,,,https://draft-president.media.uconn.edu/wp-content/uploads/sites/3778/2024/01/Civility-and-Campus-Culture-Message-to-Pres-FINAL-1.pdf,3/15/2022 11:31,0,0,0,1,0,0,0,0,0,0,0,0,0,0,0,0,0,0,0,0,0,0,0,0,0,0,0,0,0,0,0,0,0,0,0,0,0,1
jlU1IqSxqO5dvnwvtNMtz1F7J26MyjpHPSzNWiAMRHQ=,Civility-and-Campus-Culture-with-charge.pdf,application/pdf,0.319389271,2/18/2024 19:12,,,3/15/2022 11:34,1,1,0,1,0,0,0,0,0,0,0,0,0,0,0,0,0,0,0,0,0,0,0,0,0,0,0,0,0,0,0,0,0,0,0,0,0,1
tuNaePcJtdGcMYCNZNbLX0iBlND+QXNBLLiU8jTivio=,Civility-and-Campus-Culture-with-charge.pdf,application/pdf,0.319389271,,,https://draft-president.media.uconn.edu/wp-content/uploads/sites/3778/2024/01/Civility-and-Campus-Culture-with-charge.pdf,3/15/2022 11:34,1,1,0,1,0,0,0,0,0,0,0,0,0,0,0,0,0,0,0,0,0,0,0,0,0,0,0,0,0,0,0,0,0,0,0,0,0,1
NAXtyguQqQKK7SCbae+rjPyVjDFVAdQ2SD1KWAAlypI=,Climate-Action-and-Sustainability.docx,application/vnd.openxmlformats-officedocument.wordprocessingml.document,0.5261875,2/18/2024 19:16,,,10/30/2022 13:28,0,0,0,1,0,0,0,0,0,0,0,0,0,0,0,0,0,0,0,0,0,0,0,0,0,0,0,0,0,0,0,0,0,0,0,0,0,0
oJ7MRu3HnDN1gX6mv90giZwo5P4B+6Xu/6Kdrkz6zYA=,Climate-Action-and-Sustainability.docx,application/vnd.openxmlformats-officedocument.wordprocessingml.document,0.5261875,,,https://draft-president.media.uconn.edu/wp-content/uploads/sites/3778/2024/01/Climate-Action-and-Sustainability.docx,10/30/2022 13:28,0,0,0,1,0,0,0,0,0,0,0,0,0,0,0,0,0,0,0,0,0,0,0,0,0,0,0,0,0,0,0,0,0,0,0,0,0,0
ddlVQdHzySsOOOSOzvg9yFKLCkA4MBDyaJ3i2qM75tg=,Climate-Action-at-UConn-01.24.20.pdf,application/pdf,0.601773487,2/18/2024 19:25,,,3/18/2020 6:37,1,1,0,0,0,0,0,0,0,0,0,0,0,0,0,0,0,0,0,0,0,0,0,0,0,0,0,0,0,0,0,0,0,0,0,0,0,0
qCka8k2QhPshKqWycEXLZ8FeGL3tLrrikc68LJF3Cq0=,Climate-Action-at-UConn-01.24.20.pdf,application/pdf,0.601773487,,,https://draft-president.media.uconn.edu/wp-content/uploads/sites/3778/2024/01/Climate-Action-at-UConn-01.24.20.pdf,3/18/2020 6:37,1,1,0,0,0,0,0,0,0,0,0,0,0,0,0,0,0,0,0,0,0,0,0,0,0,0,0,0,0,0,0,0,0,0,0,0,0,0
ZMJb84cu/tx/X8d0qzIEWIyl/3giduPmt7/+qGttHGU=,Code-of-Conduct.pdf,application/pdf,0.490206841,2/18/2024 19:14,,,3/15/2022 11:34,1,1,0,0,0,0,0,0,0,0,0,0,0,0,0,0,0,0,0,0,0,0,0,0,0,0,0,0,0,0,0,0,0,0,0,0,0,0
2dGQRKTwhClGvV/Uq2n1zJQfqE/xEj/Wjx8tvpX1fno=,Code-of-Conduct.pdf,application/pdf,0.490206841,,,https://draft-president.media.uconn.edu/wp-content/uploads/sites/3778/2024/01/Code-of-Conduct.pdf,3/15/2022 11:34,1,1,0,0,0,0,0,0,0,0,0,0,0,0,0,0,0,0,0,0,0,0,0,0,0,0,0,0,0,0,0,0,0,0,0,0,0,0
UYmfD2RXrFTcmFCV6eTPmsqWNmtylrUE8gPizO19o5M=,Coffee-Hour-March-2-2023.pdf,application/pdf,0.102231801,2/18/2024 19:14,,,5/9/2023 9:28,0,1,0,0,0,0,0,0,0,0,0,0,0,0,0,0,0,0,0,0,0,0,0,0,0,0,0,0,0,0,0,0,0,0,0,0,1,0
PuFrmQtO25FkA33tPA2xWrcfDi+tluXbIi1ZHDOEmBg=,Coffee-Hour-March-2-2023.pdf,application/pdf,0.102231801,,,https://draft-president.media.uconn.edu/wp-content/uploads/sites/3778/2024/01/Coffee-Hour-March-2-2023.pdf,5/9/2023 9:28,0,1,0,0,0,0,0,0,0,0,0,0,0,0,0,0,0,0,0,0,0,0,0,0,0,0,0,0,0,0,0,0,0,0,0,0,1,0
aYg9OdEpwP05Flx44APnCiiLroPsv4rr/EW0WUDZm48=,Combating Sexual Violence Supporting Our Students | Office of the President,application/x-page,0.998780488,,,https://president.uconn.edu/communications/combating-sexual-violence-supporting-our-students/,11/27/2023 17:57,0,0,0,0,0,0,0,1,0,0,0,0,0,0,0,0,0,0,0,1,0,0,0,0,0,0,0,0,0,0,0,0,0,0,0,0,0,0
J8hTnPFOAqy97pDF0H+FD1c4oqTYsXGhGGanYmCCsqI=,Commemorating-International-Human-Rights-Day.pdf,application/pdf,0.9905,2/18/2024 19:14,,,12/15/2020 5:48,0,0,0,0,0,0,0,0,0,0,0,0,0,0,0,0,0,0,0,0,0,0,0,0,0,0,0,0,0,0,0,0,0,0,0,0,0,1
c7ZvlgGSfUnjC/4+zIIoqs2NQIW5jsuzfCCjQuirMJ0=,Commemorating-International-Human-Rights-Day.pdf,application/pdf,0.9905,,,https://draft-president.media.uconn.edu/wp-content/uploads/sites/3778/2024/01/Commemorating-International-Human-Rights-Day.pdf,12/15/2020 5:48,0,0,0,0,0,0,0,0,0,0,0,0,0,0,0,0,0,0,0,0,0,0,0,0,0,0,0,0,0,0,0,0,0,0,0,0,0,1
4c/ApejlzCxCaSZiwUqgqrECws9ebnYhmwYaNWFRX9I=,Communications Archive | Office of the President,application/x-page,0.998888889,,,https://president.uconn.edu/communications/communications-archive/,5/6/2024 12:34,0,0,0,0,0,0,0,0,0,0,0,0,0,1,0,0,0,0,0,0,0,0,0,0,0,0,0,0,0,0,0,0,0,0,0,0,0,0
994OrsH3Xjneq60oBrxc0HPNA4RRPBY74YJqAdmha2g=,Communications | Office of the President,application/x-page,0.998823529,,,https://president.uconn.edu/communications/,5/6/2024 4:25,0,0,0,0,0,0,0,1,0,0,0,0,0,1,0,0,0,0,0,0,0,0,0,0,0,0,0,0,0,0,0,0,0,0,0,0,0,0
nySdCxBBUVtqXgrvqM8jJQN4nU9NENHlVOj4eBf9gdQ=,Connecticut-Hydrogen-Task-Force-Study-FINAL.pdf,application/pdf,0.094771406,2/18/2024 19:16,,,5/9/2023 9:29,0,1,0,0,0,0,0,0,0,0,0,0,0,0,0,0,0,0,0,0,0,0,0,0,0,0,0,0,0,0,0,0,0,0,0,0,1,1
WY8pyUWA1DK6ESZpjW+toFmd1Yds0+/jnoZBaA8InUA=,Connecticut-Hydrogen-Task-Force-Study-FINAL.pdf,application/pdf,0.094771406,,,https://draft-president.media.uconn.edu/wp-content/uploads/sites/3778/2024/01/Connecticut-Hydrogen-Task-Force-Study-FINAL.pdf,5/9/2023 9:29,0,1,0,0,0,0,0,0,0,0,0,0,0,0,0,0,0,0,0,0,0,0,0,0,0,0,0,0,0,0,0,0,0,0,0,0,1,1
95GLMjHB5HVObibc1nvSwT6pQE9GVJ7xpJyhYeTt0i4=,Contact the Office of the President | Office of the President,application/x-page,0.996299694,,,https://president.uconn.edu/contact,4/29/2024 2:57,0,0,0,0,0,0,0,0,0,0,0,0,0,1,0,0,0,0,1,0,0,0,0,0,0,0,0,0,0,0,0,0,0,0,0,0,0,0
AfQI0eC5jqL+oyyAwhf6p2NPIUlMd+Xz0Xr8HwZ9+Ws=,Contact the Office of the President | Office of the President,application/x-page,0.996299694,,,https://president.uconn.edu/contact/,5/6/2024 4:26,0,0,0,0,0,0,0,0,0,0,0,0,0,1,0,0,0,0,1,0,0,0,0,0,0,0,0,0,0,0,0,0,0,0,0,0,0,0
eqwNx+FMqNDIFoJIMX50+UQemvMldNu0wLNzZtu+xXg=,DI-Events-Fall-2016.pdf,application/pdf,0.744901474,2/18/2024 19:14,,,3/15/2022 11:31,0,1,0,0,0,0,0,0,0,0,0,0,0,0,0,0,0,0,0,0,0,0,0,0,0,0,0,0,0,0,0,0,0,0,0,1,0,1
gadzYSh6knLCZNUH71qW4exNcjLCphTI0arziAUWUaQ=,DI-Events-Fall-2016.pdf,application/pdf,0.744901474,,,https://draft-president.media.uconn.edu/wp-content/uploads/sites/3778/2024/01/DI-Events-Fall-2016.pdf,3/15/2022 11:31,0,1,0,0,0,0,0,0,0,0,0,0,0,0,0,0,0,0,0,0,0,0,0,0,0,0,0,0,0,0,0,0,0,0,0,1,0,1
Ppebb7sNQ7UZz1RvfJxE70hiuwuAORum74tG77zyL2M=,DRAFT-Transforming-UConn-to-a-Zero-Carbon-Campus-A-Path-Forward.pdf,application/pdf,0.494705077,5/18/2021 16:09,,,4/20/2021 23:38,1,1,0,0,0,0,0,0,0,0,0,0,0,0,0,0,0,0,0,0,0,0,0,0,0,0,0,0,0,0,1,0,0,0,0,0,0,1
8NwAckLpjNgdVDiBmjqzjfiLGhtDesAWJ3ojYPhOQQ8=,Delegate-information-final.pdf,application/pdf,0.917570148,10/31/2019 20:57,,,9/11/2019 2:31,0,1,0,0,0,0,0,0,0,0,0,0,0,0,0,0,0,0,0,0,0,0,0,0,0,0,0,0,0,0,0,0,0,0,0,0,0,1
Pt2+sZuCuRcz2J4notfT4PoNyYrq69TbagG2j9Z73Ws=,Design Examples | Office of the President,application/x-page,0.998,,,https://president.uconn.edu/design-examples/,5/6/2024 4:25,0,0,0,0,0,0,0,0,0,0,0,0,0,1,0,0,0,0,0,0,0,0,0,0,0,0,0,0,0,0,0,0,0,0,0,0,0,0
Sz6+J2vqy15GaBH+0XOWEnJSfaiQQOlei0QxKTxGE10=,Events | Office of the President,application/x-page,0.9995,,,https://president.uconn.edu/events/,5/6/2024 4:26,0,0,0,0,0,0,0,0,0,0,0,0,0,1,0,0,0,0,0,0,0,0,0,0,0,0,0,0,0,0,0,0,0,0,0,0,0,0
gDx1V3wrrSG6fOEudGkZgRABWLZWhZJldAI3UCnWRlY=,FDS-2022-Infographic.pdf,application/pdf,0.05,2/18/2024 19:01,,,2/25/2023 23:22,0,1,0,0,0,0,0,0,0,0,0,0,0,0,0,0,0,0,0,0,0,0,0,0,0,0,0,0,0,0,1,0,0,0,0,0,1,1
yLy6crt2mQXrlDGs9dZsEE/JG6rYmwqzBIH5JI3WjKw=,FDS-2022-Infographic.pdf,application/pdf,0.888528897,,,https://draft-president.media.uconn.edu/wp-content/uploads/sites/3778/2024/01/FDS-2022-Infographic.pdf,3/25/2024 15:15,0,1,0,0,0,0,0,0,0,0,0,0,0,0,0,0,0,0,0,0,0,0,0,0,0,0,0,0,0,0,0,0,0,0,0,0,0,0
hJ0+pCQeIqy8+TVblREXfOhfVTzT8Pco1lTHEEzHkww=,FINAL-REPORT-Committee-on-Civil-Discourse-and-Dialogue.pdf,application/pdf,0.2742,2/18/2024 19:23,,,3/15/2022 11:36,1,0,0,1,0,0,0,0,0,0,0,0,0,0,0,0,0,0,0,0,0,0,0,0,0,0,0,0,0,0,0,0,0,0,0,1,0,1
h/DppC4bJPLVPABLbqiDeomONeMl6CSxX8T//xTKiNg=,FINAL-REPORT-Committee-on-Civil-Discourse-and-Dialogue.pdf,application/pdf,0.2742,,,https://draft-president.media.uconn.edu/wp-content/uploads/sites/3778/2024/01/FINAL-REPORT-Committee-on-Civil-Discourse-and-Dialogue.pdf,3/15/2022 11:36,1,0,0,1,0,0,0,0,0,0,0,0,0,0,0,0,0,0,0,0,0,0,0,0,0,0,0,0,0,0,0,0,0,0,0,1,0,1
A6qfUa0O5GCK6yQ4SYY6Wcr8uxIroMqwCeKgeD2JqEI=,FINAL-REPORT-Free-Speech-Task-Force.pdf,application/pdf,0.5171625,2/18/2024 19:24,,,10/20/2020 20:30,0,0,0,1,0,0,0,0,0,0,0,0,0,0,0,0,0,0,0,0,0,0,0,0,0,0,0,0,0,0,0,0,0,0,0,0,0,1
CgzTV/6wSwFQ01HGUi4s9oZ0g3pQ/6EoN9LwG01eDrM=,FINAL-REPORT-Free-Speech-Task-Force.pdf,application/pdf,0.5171625,,,https://draft-president.media.uconn.edu/wp-content/uploads/sites/3778/2024/01/FINAL-REPORT-Free-Speech-Task-Force.pdf,10/20/2020 20:30,0,0,0,1,0,0,0,0,0,0,0,0,0,0,0,0,0,0,0,0,0,0,0,0,0,0,0,0,0,0,0,0,0,0,0,0,0,1
TxbfNIhHkGxBDYck+k5LyUblTRbSES2sFiQmabs5T3E=,FINAL-to-TK_CT-UConn-Declaration-SEVP-Litigation_7.10-1.pdf,application/pdf,0.069,2/18/2024 19:11,,,8/31/2020 14:08,0,0,0,0,0,0,0,0,0,0,0,0,0,0,0,0,0,0,0,0,0,0,0,0,0,0,0,0,0,0,1,0,0,0,0,0,1,0
4KfeAmEGZS9MK68V5E30K6cakqf0DLpRY4u1Y4Z2Xp8=,FINAL-to-TK_CT-UConn-Declaration-SEVP-Litigation_7.10-1.pdf,application/pdf,0.069,,,https://draft-president.media.uconn.edu/wp-content/uploads/sites/3778/2024/01/FINAL-to-TK_CT-UConn-Declaration-SEVP-Litigation_7.10-1.pdf,8/31/2020 14:08,0,0,0,0,0,0,0,0,0,0,0,0,0,0,0,0,0,0,0,0,0,0,0,0,0,0,0,0,0,0,1,0,0,0,0,0,1,0
3+K5YuX5oQE/tfH1l1ua1NGctnKYW2PT1hGB0BrsHpY=,FT-Provosts-Message-2020-DEI-_-FINAL.docx,application/vnd.openxmlformats-officedocument.wordprocessingml.document,0.5261875,2/18/2024 19:12,,,9/6/2020 10:16,0,0,0,1,0,0,0,0,0,0,0,0,0,0,0,0,0,0,0,0,0,0,0,0,0,0,0,0,0,0,0,0,0,0,0,0,0,0
a4hEMeF/O+90zKgL3nvG/CE+WUWWkD4bB5Bss87+aMY=,FT-Provosts-Message-2020-DEI-_-FINAL.docx,application/vnd.openxmlformats-officedocument.wordprocessingml.document,0.5261875,,,https://draft-president.media.uconn.edu/wp-content/uploads/sites/3778/2024/01/FT-Provosts-Message-2020-DEI-_-FINAL.docx,9/6/2020 10:16,0,0,0,1,0,0,0,0,0,0,0,0,0,0,0,0,0,0,0,0,0,0,0,0,0,0,0,0,0,0,0,0,0,0,0,0,0,0
Ivd1UfAczmX1fYDUDfGodo7L5x9y0/86PUIxZkjxiCg=,Fall-2021-Semester-Update.pdf,application/pdf,0.5266625,2/18/2024 19:16,,,7/20/2021 20:11,0,0,0,1,0,0,0,0,0,0,0,0,0,0,0,0,0,0,0,0,0,0,0,0,0,0,0,0,0,0,0,0,0,0,0,0,0,1
cG4EHy/R4L1I7Hmqqhr+DWr3PAEjel+ep9bcFR+73Vw=,Fall-2021-Semester-Update.pdf,application/pdf,1,,,https://draft-president.media.uconn.edu/wp-content/uploads/sites/3778/2024/01/Fall-2021-Semester-Update.pdf,3/18/2024 12:47,0,0,0,0,0,0,0,0,0,0,0,0,0,0,0,0,0,0,0,0,0,0,0,0,0,0,0,0,0,0,0,0,0,0,0,0,0,0
DQd/kQQDFcfpfO9l8MNa5J3EIuVWKtWF2bEdOXJvxKw=,Fillable-Inauguration-Regalia-Order-Form.pdf,application/pdf,0.069,10/7/2023 11:34,,,8/31/2023 4:21,0,0,0,0,0,0,0,0,0,0,0,0,0,0,0,0,0,0,0,0,0,0,0,0,0,0,0,0,0,0,1,0,0,0,0,0,1,0
6SkrQ9PJAvGdWIWaMvyJiHNrE158VETr+YHxJj6k5pA=,Final-Civility-Task-Force-Report-Dec-24-2013-2.pdf,application/pdf,0.069,2/18/2024 19:25,,,3/15/2022 11:33,0,0,0,0,0,0,0,0,0,0,0,0,0,0,0,0,0,0,0,0,0,0,0,0,0,0,0,0,0,0,1,0,0,0,0,0,1,0
gpmJTRkREwwz+rJRfeGjDSl/ykknOtKAxL7G5+kQMC8=,First-Year-1.pdf,application/pdf,0.491893917,2/18/2024 19:14,,,9/6/2020 10:18,0,1,0,1,0,0,0,0,0,0,0,0,0,0,0,0,0,0,0,0,0,0,0,0,0,0,0,0,0,0,0,0,0,0,0,0,0,1
zN9IjuN284kD9yDrB8N+oi+zVaprAGCLl7r81prcPm4=,First-Year-1.pdf,application/pdf,0.491893917,,,https://draft-president.media.uconn.edu/wp-content/uploads/sites/3778/2024/01/First-Year-1.pdf,9/6/2020 10:18,0,1,0,1,0,0,0,0,0,0,0,0,0,0,0,0,0,0,0,0,0,0,0,0,0,0,0,0,0,0,0,0,0,0,0,0,0,1
919P3R/hgjpO9KB9ffwgp1IeRaSfxQrJUmD1xf1LrSM=,Form | Office of the President,application/x-page,0.993333333,,,https://president.uconn.edu/form/,5/6/2024 12:43,0,0,0,0,0,0,0,0,0,0,0,0,0,1,0,0,0,0,0,0,0,0,0,0,0,0,0,0,0,0,0,0,0,0,0,0,0,0
Y6mU/JC+b7cbUZlbnbccq1TUPhDT/ZcYgFvWKYPSJ3o=,Hang-in-There-Huskies.pdf,application/pdf,0.9905,2/18/2024 19:13,,,11/12/2020 11:12,0,0,0,0,0,0,0,0,0,0,0,0,0,0,0,0,0,0,0,0,0,0,0,0,0,0,0,0,0,0,0,0,0,0,0,0,0,1
zMBNeWsls73slYhlhARuQhzXgU1klTfwExzxZFtnHk0=,Hang-in-There-Huskies.pdf,application/pdf,0.9905,,,https://draft-president.media.uconn.edu/wp-content/uploads/sites/3778/2024/01/Hang-in-There-Huskies.pdf,11/12/2020 11:12,0,0,0,0,0,0,0,0,0,0,0,0,0,0,0,0,0,0,0,0,0,0,0,0,0,0,0,0,0,0,0,0,0,0,0,0,0,1
CMJ8h6wjRkKGEVv8Wpt3frIdofMA852B8gHIzwwe3i4=,Healthcare-Worker-Support-Note.pdf,application/pdf,0.981,2/18/2024 19:11,,,6/6/2020 17:18,0,0,0,0,0,0,0,0,0,0,0,0,0,0,0,0,0,0,0,0,0,0,0,0,0,0,0,0,0,0,0,0,0,0,0,0,0,1
ODmk2VN3uXqnyOJY/cavYAWBNWKNlpvp22PZ6+aWtAU=,Healthcare-Worker-Support-Note.pdf,application/pdf,0.981,,,https://draft-president.media.uconn.edu/wp-content/uploads/sites/3778/2024/01/Healthcare-Worker-Support-Note.pdf,6/6/2020 17:18,0,0,0,0,0,0,0,0,0,0,0,0,0,0,0,0,0,0,0,0,0,0,0,0,0,0,0,0,0,0,0,0,0,0,0,0,0,1
8s0cgCDQqhNamwHVFSpgCqvGL6DFwdZOeoozMw27ZeE=,History | Office of the President,application/x-page,0.998780488,,,https://president.uconn.edu/history/,11/27/2023 17:57,0,0,0,0,0,0,0,1,0,0,0,0,0,0,0,0,0,0,0,1,0,0,0,0,0,0,0,0,0,0,0,0,0,0,0,0,0,0
UzCNCTqspG06hJIxmKleTvlFgj6FDurcUD5goF1ysAg=,Home | Office of the President,application/x-page,1,,,https://president.uconn.edu,5/6/2024 12:33,0,0,0,0,0,0,0,0,0,0,0,0,0,0,0,0,0,0,0,0,0,0,0,0,0,0,0,0,0,0,0,0,0,0,0,0,0,0
oW4U2Nb+2s17FFGDU03+QTWt71j3isyChYLPTmgpCd4=,Home | Office of the President,application/x-page,1,,,http://president.uconn.edu/,5/6/2024 4:25,0,0,0,0,0,0,0,0,0,0,0,0,0,0,0,0,0,0,0,0,0,0,0,0,0,0,0,0,0,0,0,0,0,0,0,0,0,0
GYujJI3K7W/ThQXiLeuj2LK3NZ4RocHJiwowAiGGgPY=,Immediate-Actions-on-Policing-1.pdf,application/pdf,0.9905,2/18/2024 19:16,,,11/24/2020 4:57,0,0,0,0,0,0,0,0,0,0,0,0,0,0,0,0,0,0,0,0,0,0,0,0,0,0,0,0,0,0,0,0,0,0,0,0,0,1
m1g+zuOFZkVlQl8IiuwKfzwQb6pNQRBmLiKK1n4NQzg=,Immediate-Actions-on-Policing-1.pdf,application/pdf,0.9905,,,https://draft-president.media.uconn.edu/wp-content/uploads/sites/3778/2024/01/Immediate-Actions-on-Policing-1.pdf,11/24/2020 4:57,0,0,0,0,0,0,0,0,0,0,0,0,0,0,0,0,0,0,0,0,0,0,0,0,0,0,0,0,0,0,0,0,0,0,0,0,0,1
6vObFkAZOuiPeVRFUfKFV/AUkEAc5xgmDZ0rSnTVcu0=,Important-Information-for-Students-Voting-in-Connecticut.pdf,application/pdf,0.9905,2/18/2024 19:16,,,11/12/2020 15:55,0,0,0,0,0,0,0,0,0,0,0,0,0,0,0,0,0,0,0,0,0,0,0,0,0,0,0,0,0,0,0,0,0,0,0,0,0,1
f+Cp19mmnzPwdnyl+JQO0S5igNIuaznupk+kT8b97s4=,Important-Information-for-Students-Voting-in-Connecticut.pdf,application/pdf,0.9905,,,https://draft-president.media.uconn.edu/wp-content/uploads/sites/3778/2024/01/Important-Information-for-Students-Voting-in-Connecticut.pdf,11/12/2020 15:55,0,0,0,0,0,0,0,0,0,0,0,0,0,0,0,0,0,0,0,0,0,0,0,0,0,0,0,0,0,0,0,0,0,0,0,0,0,1
VoXOx6a92cTIh7QTIz/Vhg1rKHNo7sKFBsb90H4iWQo=,Inauguration_091611.pdf,application/pdf,0.5361625,2/18/2024 19:15,,,3/15/2022 11:34,0,0,0,1,0,0,0,0,0,0,0,0,0,0,0,0,0,0,0,0,0,0,0,0,0,0,0,0,0,0,0,0,0,0,0,0,0,0
cqAEUWMXhyuisqxBICunrTldThekxsLCgZ19Bs08Vbk=,Inauguration_091611.pdf,application/pdf,0.5361625,,,https://draft-president.media.uconn.edu/wp-content/uploads/sites/3778/2024/01/Inauguration_091611.pdf,3/15/2022 11:34,0,0,0,1,0,0,0,0,0,0,0,0,0,0,0,0,0,0,0,0,0,0,0,0,0,0,0,0,0,0,0,0,0,0,0,0,0,0
lETy3xnwTgJ5K/9xhB70U57AsbTwiiS9LRePT445OXg=,Jennifer Burckardt | Office of the President,application/x-page,1,,,https://president.uconn.edu/person/jennifer-burckardt/,5/6/2024 4:25,0,0,0,0,0,0,0,0,0,0,0,0,0,0,0,0,0,0,0,0,0,0,0,0,0,0,0,0,0,0,0,0,0,0,0,0,0,0
aUtt4b+JxobbM6EjyVjq544H3iC3nRHQBNdNbzi/mN8=,Jonathan the Husky | Office of the President,application/x-page,1,,,https://president.uconn.edu/person/jonathan-the-husky/,4/29/2024 3:00,0,0,0,0,0,0,0,0,0,0,0,0,0,0,0,0,0,0,0,0,0,0,0,0,0,0,0,0,0,0,0,0,0,0,0,0,0,0
ZuBb18cNXXiqHA294ZwMJ2GTsTd5Qkj1i53gIXV2I6A=,Katsouleas-Message-to-Community-_-Swastika-arrest-_-4.29.21.pdf,application/pdf,0.981,2/18/2024 19:13,,,5/5/2021 3:21,0,0,0,0,0,0,0,0,0,0,0,0,0,0,0,0,0,0,0,0,0,0,0,0,0,0,0,0,0,0,0,0,0,0,0,0,0,1
elVy7smBjQwIIlRbVn+9pU2UTHbxVczl0FQ5BZlh3Bw=,Katsouleas-Message-to-Community-_-Swastika-arrest-_-4.29.21.pdf,application/pdf,0.981,,,https://draft-president.media.uconn.edu/wp-content/uploads/sites/3778/2024/01/Katsouleas-Message-to-Community-_-Swastika-arrest-_-4.29.21.pdf,5/5/2021 3:21,0,0,0,0,0,0,0,0,0,0,0,0,0,0,0,0,0,0,0,0,0,0,0,0,0,0,0,0,0,0,0,0,0,0,0,0,0,1
lQcHT6TE5UTwYShLxJGB8zI0KeU7xx9aOtgamkGtFFE=,Katsouleas-Thomas-CV-2018_web.pdf,application/pdf,0.068990699,1/8/2020 18:01,,,9/11/2019 2:20,0,1,0,0,0,0,0,0,0,0,0,0,0,0,0,0,0,0,0,0,0,0,0,0,0,0,0,0,0,0,1,0,0,0,0,0,1,0
UmmNN9uJ7j9i14/XkA/20WW0qbfbm8HCwLGVqfspB3o=,Katsouleas-Thomas-CV-2018_web.pdf,application/pdf,0.068990699,4/20/2021 23:19,,,9/11/2019 2:20,0,1,0,0,0,0,0,0,0,0,0,0,0,0,0,0,0,0,0,0,0,0,0,0,0,0,0,0,0,0,1,0,0,0,0,0,1,0
Ysv3seqd3DF9b57h3ZCTFL+mgtP9dlD4ayylj54topU=,Katsouleas190204a0263.jpg,image/jpeg,1,7/6/2021 20:04,,,9/11/2019 2:19,0,0,0,0,0,0,0,0,0,0,0,0,0,0,0,0,0,0,0,0,0,0,0,0,0,0,0,0,0,0,0,0,0,0,0,0,0,0
oFKgieebbc+wkIvQhyO6o1wNw4WAYgKQSwK4JtbObmc=,Letter-to-community-re-Chauvin-verdict-_-4.20.21.pdf,application/pdf,0.9905,2/18/2024 19:25,,,4/28/2021 1:39,0,0,0,0,0,0,0,0,0,0,0,0,0,0,0,0,0,0,0,0,0,0,0,0,0,0,0,0,0,0,0,0,0,0,0,0,0,1
+dPRnGuR1Rv6RA3hL1xtK/0l1hM594LewwJtic7TAvI=,Letter-to-community-re-Chauvin-verdict-_-4.20.21.pdf,application/pdf,0.9905,,,https://draft-president.media.uconn.edu/wp-content/uploads/sites/3778/2024/01/Letter-to-community-re-Chauvin-verdict-_-4.20.21.pdf,4/28/2021 1:39,0,0,0,0,0,0,0,0,0,0,0,0,0,0,0,0,0,0,0,0,0,0,0,0,0,0,0,0,0,0,0,0,0,0,0,0,0,1
yHJ8LmGSz0ryxpfLaWti4eqmxizLtpACN9UkHrox2FA=,Lillian Bosques | Office of the President,application/x-page,1,,,https://president.uconn.edu/person/lillian-bosques/,4/28/2024 22:09,0,0,0,0,0,0,0,0,0,0,0,0,0,0,0,0,0,0,0,0,0,0,0,0,0,0,0,0,0,0,0,0,0,0,0,0,0,0
W734LXVoF7Gv7yuMclHyY4XWsxgw7uErzd2M6mlrRj4=,Maric_220201a054-1-scaled.jpg,image/jpeg,1,,,https://draft-president.media.uconn.edu/wp-content/uploads/sites/3778/2024/01/Maric_220201a054-1-scaled.jpg,2/18/2024 19:28,0,0,0,0,0,0,0,0,0,0,0,0,0,0,0,0,0,0,0,0,0,0,0,0,0,0,0,0,0,0,0,0,0,0,0,0,0,0
Z47bfItj9QvqqqTqwVI+qWeLRBc1gFnwbI25TUG2Og8=,Maryann Markowski | Office of the President,application/x-page,1,,,https://president.uconn.edu/person/maryann-markowski/,5/6/2024 4:25,0,0,0,0,0,0,0,0,0,0,0,0,0,0,0,0,0,0,0,0,0,0,0,0,0,0,0,0,0,0,0,0,0,0,0,0,0,0
incF7/0LFCxcZ1GhXGGe3bn08XJnOoLlvKj0ZQdcF4s=,Master-Recommendation-Chart-with-Updates-2.16.23.pdf,application/pdf,0.519976284,,,https://studentlife.uconn.edu/wp-content/uploads/sites/810/2023/02/Master-Recommendation-Chart-with-Updates-2.16.23.pdf,3/6/2023 12:27,0,1,0,1,0,0,0,0,0,0,0,0,0,0,0,0,0,0,0,0,0,0,0,0,0,0,0,0,0,0,0,0,0,0,0,0,0,1
UwzRxpCi3DhkaNAQvQrPTu/pRW1KCKGcbZ92xewKfKQ=,Meeting-1-Facilities-Operations-Project-Updates-and-Student-Updates.pdf,application/pdf,0.697791276,2/18/2024 19:14,,,12/16/2023 9:16,1,1,0,0,0,0,0,0,0,0,0,0,0,0,0,0,0,0,0,0,0,0,0,0,0,0,0,0,0,0,0,0,0,0,0,0,0,0
gav0quUvdxZKG0AW8oX+s0fZXyeoWCl5xiystUZV7M8=,Meeting-1-Facilities-Operations-Project-Updates-and-Student-Updates.pdf,application/pdf,0.697791276,,,https://draft-president.media.uconn.edu/wp-content/uploads/sites/3778/2024/01/Meeting-1-Facilities-Operations-Project-Updates-and-Student-Updates.pdf,12/16/2023 9:16,1,1,0,0,0,0,0,0,0,0,0,0,0,0,0,0,0,0,0,0,0,0,0,0,0,0,0,0,0,0,0,0,0,0,0,0,0,0
8boKdC6H7itXfm5+eIsEbeE4I4JeRa+gAk9QTSJz3wU=,Meeting-2-Carbon-Offsets.pdf,application/pdf,0.869356152,2/18/2024 19:13,,,12/16/2023 9:15,1,1,0,0,0,0,0,0,0,0,0,0,0,0,0,0,0,0,0,0,0,0,0,0,0,0,0,0,0,0,0,0,0,0,0,0,0,0
Z5UsO6jcNSVdrk8cqlr5yMoaWDM0YAUcxWn92t0rhRA=,Meeting-2-Carbon-Offsets.pdf,application/pdf,0.869356152,,,https://draft-president.media.uconn.edu/wp-content/uploads/sites/3778/2024/01/Meeting-2-Carbon-Offsets.pdf,12/16/2023 9:15,1,1,0,0,0,0,0,0,0,0,0,0,0,0,0,0,0,0,0,0,0,0,0,0,0,0,0,0,0,0,0,0,0,0,0,0,0,0
054yZi9e75xjdERVRv5vFzI6IX9E1Y5zrjRsxqW8LAg=,Meeting-3-C2E2-Seminar-Announcment_Dr-Elango-Elangovan.pdf,application/pdf,0.660637163,2/18/2024 19:16,,,11/15/2023 15:52,1,1,0,0,0,0,0,0,0,0,0,0,0,0,0,0,0,0,0,0,0,0,0,0,0,0,0,0,0,0,0,0,0,0,0,0,0,1
JJqVKOtvS6GNXIXMwaFNjMjCBmwqtACBafm0pjY2HXQ=,Meeting-3-C2E2-Seminar-Announcment_Dr-Elango-Elangovan.pdf,application/pdf,0.660637163,,,https://draft-president.media.uconn.edu/wp-content/uploads/sites/3778/2024/01/Meeting-3-C2E2-Seminar-Announcment_Dr-Elango-Elangovan.pdf,11/15/2023 15:52,1,1,0,0,0,0,0,0,0,0,0,0,0,0,0,0,0,0,0,0,0,0,0,0,0,0,0,0,0,0,0,0,0,0,0,0,0,1
wQpn+ubpHv+mvx+AD5XVU8Gq4+Yarw4Tm9ycNwVtwj0=,Meeting-4-UPDC-Focus-on-Sustainability.pdf,application/pdf,0.922248816,2/18/2024 19:01,,,12/16/2023 9:10,1,1,0,0,0,0,0,0,0,0,0,0,0,0,0,0,0,0,0,0,0,0,0,0,0,0,0,0,0,0,0,0,0,0,0,0,0,0
MyiI+L4kVg4cv4oluFRatXXeeL0bdezP1rf1J2hkSXA=,Meeting-4-UPDC-Focus-on-Sustainability.pdf,application/pdf,0.922248816,,,https://draft-president.media.uconn.edu/wp-content/uploads/sites/3778/2024/01/Meeting-4-UPDC-Focus-on-Sustainability.pdf,12/16/2023 9:10,1,1,0,0,0,0,0,0,0,0,0,0,0,0,0,0,0,0,0,0,0,0,0,0,0,0,0,0,0,0,0,0,0,0,0,0,0,0
9imhhvFpERej0yseI30FKJVNS6JCWVDw+/WfyEZrjqk=,Meeting-of-the-Board-of-Trustees-2-5-19-1.pdf,application/pdf,0.069,2/18/2024 19:16,,,9/11/2019 2:31,0,0,0,0,0,0,0,0,0,0,0,0,0,0,0,0,0,0,0,0,0,0,0,0,0,0,0,0,0,0,1,0,0,0,0,0,1,0
3RE6KZhG6AZsEjpL3p+h3ztUnyRjIG/7Y8HwsIxARlg=,Meeting-of-the-Board-of-Trustees-2-5-19-1.pdf,application/pdf,0.069,,,https://draft-president.media.uconn.edu/wp-content/uploads/sites/3778/2024/02/Meeting-of-the-Board-of-Trustees-2-5-19-1.pdf,9/11/2019 2:31,0,0,0,0,0,0,0,0,0,0,0,0,0,0,0,0,0,0,0,0,0,0,0,0,0,0,0,0,0,0,1,0,0,0,0,0,1,0
e+aAVXenjScE04tXysegtrA+u9En6BqKY75ZpPWSw8E=,Member-List-Sustainability-and-the-Environment-Working-Group.pdf,application/pdf,0.9905,2/18/2024 19:14,,,3/18/2020 6:37,0,0,0,0,0,0,0,0,0,0,0,0,0,0,0,0,0,0,0,0,0,0,0,0,0,0,0,0,0,0,0,0,0,0,0,0,0,1
AhPj/W/SZvCNfwXs/r0QRuDBBBCbx/gFYaecO+jOH0E=,Member-List-Sustainability-and-the-Environment-Working-Group.pdf,application/pdf,0.9905,,,https://draft-president.media.uconn.edu/wp-content/uploads/sites/3778/2024/01/Member-List-Sustainability-and-the-Environment-Working-Group.pdf,3/18/2020 6:37,0,0,0,0,0,0,0,0,0,0,0,0,0,0,0,0,0,0,0,0,0,0,0,0,0,0,0,0,0,0,0,0,0,0,0,0,0,1
ChH12edvL3WCxopwA0fZzW5pWrPLNAjgk9w+m2vTDFs=,Membership-Presidents-Advisory-Council-on-Policing.pdf,application/pdf,0.9905,2/18/2024 19:01,,,11/24/2020 4:18,0,0,0,0,0,0,0,0,0,0,0,0,0,0,0,0,0,0,0,0,0,0,0,0,0,0,0,0,0,0,0,0,0,0,0,0,0,1
BpW54QNepZzZUnugXPAoBy3QEj6F+5BZVucGc8yM0JY=,Membership-Presidents-Advisory-Council-on-Policing.pdf,application/pdf,0.9905,,,https://draft-president.media.uconn.edu/wp-content/uploads/sites/3778/2024/01/Membership-Presidents-Advisory-Council-on-Policing.pdf,11/24/2020 4:18,0,0,0,0,0,0,0,0,0,0,0,0,0,0,0,0,0,0,0,0,0,0,0,0,0,0,0,0,0,0,0,0,0,0,0,0,0,1
Ko5juGRNe7IPr9VRA2tHOyvsK+jv0NTqkiPYHTrsAE0=,Message-from-President-and-Provost-on-Community-Responsibility.pdf,application/pdf,0.490949449,2/18/2024 19:23,,,9/6/2020 10:17,0,1,0,1,0,0,0,0,0,0,0,0,0,0,0,0,0,0,0,0,0,0,0,0,0,0,0,0,0,0,0,0,0,0,0,0,0,1
qKfPu9Puaw+erXagi+MqeyVxf/fIgF8iFgpUS2ofpEs=,Message-from-President-and-Provost-on-Community-Responsibility.pdf,application/pdf,0.490949449,,,https://draft-president.media.uconn.edu/wp-content/uploads/sites/3778/2024/01/Message-from-President-and-Provost-on-Community-Responsibility.pdf,9/6/2020 10:17,0,1,0,1,0,0,0,0,0,0,0,0,0,0,0,0,0,0,0,0,0,0,0,0,0,0,0,0,0,0,0,0,0,0,0,0,0,1
iJCyJx3fQikoV0sNlKV1/gaaukeCvfRS90PhRbMPbVE=,Michael Kirk | Office of the President,application/x-page,1,,,https://president.uconn.edu/person/michael-kirk/,5/6/2024 12:43,0,0,0,0,0,0,0,0,0,0,0,0,0,0,0,0,0,0,0,0,0,0,0,0,0,0,0,0,0,0,0,0,0,0,0,0,0,0
iUrsDvjT2dstvHlECNi0rvuiKTKtdzviIjlCi/1JQ0Q=,Michelle Williams | Office of the President,application/x-page,1,,,https://president.uconn.edu/person/michelle-williams/,5/6/2024 4:25,0,0,0,0,0,0,0,0,0,0,0,0,0,0,0,0,0,0,0,0,0,0,0,0,0,0,0,0,0,0,0,0,0,0,0,0,0,0
wtml3WDVp0+5m25beMZzb9WjIkqaaQGXRShGdKOQxGs=,Mission | Office of the President,application/x-page,0.998780488,,,https://president.uconn.edu/mission/,11/27/2023 17:57,0,0,0,0,0,0,0,1,0,0,0,0,0,0,0,0,0,0,0,1,0,0,0,0,0,0,0,0,0,0,0,0,0,0,0,0,0,0
WTYUYimHiaSB6JfjpdmujbI1/2lCrobM25MCrR+XCWI=,Okanagan_Charter_Oct_6_2015.pdf,application/pdf,0.511296151,,,https://president.media.uconn.edu/wp-content/uploads/sites/3778/2024/04/Okanagan_Charter_Oct_6_2015.pdf,4/21/2024 17:23,0,1,0,1,0,0,0,0,0,0,0,0,0,0,0,0,0,0,0,0,0,0,0,0,0,0,0,0,0,0,0,0,0,0,0,0,0,0
YZV3zdtP04k4T8ghBDj1eMW5M9TWMEklWwxnOd1wfK4=,Our Team | Office of the President,application/x-page,0.9,,,https://president.uconn.edu/our-team/,4/29/2024 3:01,0,0,0,0,0,0,0,0,0,0,0,0,0,0,0,0,0,0,0,0,0,0,1,0,0,0,0,0,0,0,0,0,0,0,0,0,0,0
9/OCcTO3P4VJDD2nHnNfI9L/iLRgehspxUH7tYAcUjI=,PAR1999.pdf,application/pdf,0.068681167,2/18/2024 19:23,,,3/15/2022 11:34,0,1,0,0,0,0,0,0,0,0,0,0,0,0,0,0,0,0,0,0,0,0,0,0,0,0,0,0,0,0,1,0,0,0,0,0,1,0
yoKRmJv7UfLAlhvZbwBhBmY8+KqF+tqsOxFw+9i8/Lc=,PAR1999.pdf,application/pdf,0.068681167,,,https://draft-president.media.uconn.edu/wp-content/uploads/sites/3778/2024/01/PAR1999.pdf,3/15/2022 11:34,0,1,0,0,0,0,0,0,0,0,0,0,0,0,0,0,0,0,0,0,0,0,0,0,0,0,0,0,0,0,1,0,0,0,0,0,1,0
6Tc6DBKESM5/Cvx9gsvs99cwGhncd9PmbQGdq9rHNJY=,PAR2000opt.pdf,application/pdf,0,2/18/2024 19:23,,,3/15/2022 11:33,0,0,0,0,0,0,0,0,0,0,0,0,0,0,0,0,0,0,0,0,0,0,0,0,0,0,0,0,0,0,0,0,0,1,0,0,0,0
A3ECE6q3LyMSYz/Rf/z3EywEHVkFrAqlj3o2vZAJQMI=,PAR2000opt.pdf,application/pdf,0,,,https://draft-president.media.uconn.edu/wp-content/uploads/sites/3778/2024/01/PAR2000opt.pdf,3/15/2022 11:33,0,0,0,0,0,0,0,0,0,0,0,0,0,0,0,0,0,0,0,0,0,0,0,0,0,0,0,0,0,0,0,0,0,1,0,0,0,0
ivCxnsEA3XPnh208RKVJy+bUOwzgV7ODvegMZ60PKR4=,PAR2001.pdf,application/pdf,0.068202467,2/18/2024 19:16,,,3/15/2022 11:32,0,1,0,0,0,0,0,0,0,0,0,0,0,0,0,0,0,0,0,0,0,0,0,0,0,0,0,0,0,0,1,0,0,0,0,0,1,0
Fv2IzIx7e7KXX6kPE319WizIQYL+lGQEkDbV5N5yUwo=,PAR2001.pdf,application/pdf,0.068202467,,,https://draft-president.media.uconn.edu/wp-content/uploads/sites/3778/2024/01/PAR2001.pdf,3/15/2022 11:32,0,1,0,0,0,0,0,0,0,0,0,0,0,0,0,0,0,0,0,0,0,0,0,0,0,0,0,0,0,0,1,0,0,0,0,0,1,0
i5zMIRqim6yeDYBpQP9lMq4vJ7I0QFGtMG9ajRN5HeQ=,PAR2002.pdf,application/pdf,0.068205446,2/18/2024 19:00,,,3/15/2022 11:35,0,1,0,0,0,0,0,0,0,0,0,0,0,0,0,0,0,0,0,0,0,0,0,0,0,0,0,0,0,0,1,0,0,0,0,0,1,0
HncyDlJgCkCggoPQau75nYSXikLLFuUgSrAtleocaZs=,PAR2002.pdf,application/pdf,0.068205446,,,https://draft-president.media.uconn.edu/wp-content/uploads/sites/3778/2024/01/PAR2002.pdf,3/15/2022 11:35,0,1,0,0,0,0,0,0,0,0,0,0,0,0,0,0,0,0,0,0,0,0,0,0,0,0,0,0,0,0,1,0,0,0,0,0,1,0
L1v1hOSF2Aqs7Vlx5OpeHmo+DkKCv3Pc13qQEpe5bAw=,PAR2003.pdf,application/pdf,0.068862153,2/18/2024 19:22,,,3/15/2022 11:35,0,1,0,0,0,0,0,0,0,0,0,0,0,0,0,0,0,0,0,0,0,0,0,0,0,0,0,0,0,0,1,0,0,0,0,0,1,0
1mBgTDU//ns8BhsEyeMkZbLWcEjlUmYiOUiAUEoFV7M=,PAR2003.pdf,application/pdf,0.068862153,,,https://draft-president.media.uconn.edu/wp-content/uploads/sites/3778/2024/01/PAR2003.pdf,3/15/2022 11:35,0,1,0,0,0,0,0,0,0,0,0,0,0,0,0,0,0,0,0,0,0,0,0,0,0,0,0,0,0,0,1,0,0,0,0,0,1,0
Wa8mu81p44reCBg+BlJmc0a+HrZLaYnehQvH/NTRh/M=,PAR2004.pdf,application/pdf,0.068998546,2/18/2024 19:12,,,3/15/2022 11:34,0,1,0,0,0,0,0,0,0,0,0,0,0,0,0,0,0,0,0,0,0,0,0,0,0,0,0,0,0,0,1,0,0,0,0,0,1,0
k1YVIr6ksYQUpzUBIGHUYxBq4x4S4lTokcbGXrgVsjg=,PAR2004.pdf,application/pdf,0.068998546,,,https://draft-president.media.uconn.edu/wp-content/uploads/sites/3778/2024/01/PAR2004.pdf,3/15/2022 11:34,0,1,0,0,0,0,0,0,0,0,0,0,0,0,0,0,0,0,0,0,0,0,0,0,0,0,0,0,0,0,1,0,0,0,0,0,1,0
+cDXWohvgy82npCfxzdE4iCd1Dw1f7XOGwXnwiSe/lw=,PAR_fuelcells.pdf,application/pdf,0,2/18/2024 19:15,,,3/15/2022 11:31,0,0,0,0,0,0,0,0,0,0,0,0,0,0,0,0,0,0,0,0,0,0,0,0,0,0,0,0,0,0,0,0,0,1,0,0,0,0
eqMbTDX7cKPfniHRIDg/yAS4Kk3wrn/V1gieTZzeGHA=,PAR_fuelcells.pdf,application/pdf,0,,,https://draft-president.media.uconn.edu/wp-content/uploads/sites/3778/2024/01/PAR_fuelcells.pdf,3/15/2022 11:31,0,0,0,0,0,0,0,0,0,0,0,0,0,0,0,0,0,0,0,0,0,0,0,0,0,0,0,0,0,0,0,0,0,1,0,0,0,0
clgYrIlLUEr+41M72ZlCveT7iIenHbeEsMHWWCDnpY4=,PAR_nanotech.pdf,application/pdf,0.266091043,2/18/2024 19:14,,,3/15/2022 11:32,1,1,0,1,0,0,0,0,0,0,0,0,0,0,0,0,0,0,0,0,0,0,0,0,0,0,0,0,0,0,1,0,0,0,0,0,0,1
5rQ9GW97h6oWDc6vI7z1ie01x7lu81fMo94XocQTbA0=,PAR_nanotech.pdf,application/pdf,0.266091043,,,https://draft-president.media.uconn.edu/wp-content/uploads/sites/3778/2024/02/PAR_nanotech.pdf,3/15/2022 11:32,1,1,0,1,0,0,0,0,0,0,0,0,0,0,0,0,0,0,0,0,0,0,0,0,0,0,0,0,0,0,1,0,0,0,0,0,0,1
pJreVz+06UUvVTqOPVjK3znJaXoimVwENobR9XFWJzE=,PAR_stemcells.pdf,application/pdf,0.05,2/18/2024 19:23,,,3/15/2022 11:32,0,1,0,0,0,0,0,0,0,0,0,0,0,0,0,0,0,0,0,0,0,0,0,0,0,0,0,0,0,0,1,0,0,0,0,0,1,1
xPjM+oYdgUnd+8FAEB/vAKSqks9jyPKVcJ5lf7HTTdg=,PAR_stemcells.pdf,application/pdf,0.05,,,https://draft-president.media.uconn.edu/wp-content/uploads/sites/3778/2024/01/PAR_stemcells.pdf,3/15/2022 11:32,0,1,0,0,0,0,0,0,0,0,0,0,0,0,0,0,0,0,0,0,0,0,0,0,0,0,0,0,0,0,1,0,0,0,0,0,1,1
DTjhTBnuhUVzj7TiUOc6kmDoUpHNZvUSnEDDzxuowww=,PAR_uconnomy.pdf,application/pdf,0.05,2/18/2024 19:25,,,12/24/2023 20:34,0,1,0,0,0,0,0,0,0,0,0,0,0,0,0,0,0,0,0,0,0,0,0,0,0,0,0,0,0,0,1,0,0,0,0,0,1,1
FkHDiOnKTVkstX4197rPvavRdbT1uPKeXdSVdVouBwk=,PWGS-Implementation-Report-Final-for-President-5-13-2021-Total.pdf,application/pdf,0.068982141,2/18/2024 19:12,,,5/18/2021 16:29,0,1,0,0,0,0,0,0,0,0,0,0,0,0,0,0,0,0,0,0,0,0,0,0,0,0,0,0,0,0,1,0,0,0,0,0,1,0
rAKJvrO7THaLozmqQLx8DECr7IP0dPpMPwp20xu4hgE=,PWGS-Implementation-Report-Final-for-President-5-13-2021-Total.pdf,application/pdf,0.068982141,,,https://draft-president.media.uconn.edu/wp-content/uploads/sites/3778/2024/01/PWGS-Implementation-Report-Final-for-President-5-13-2021-Total.pdf,5/18/2021 16:29,0,1,0,0,0,0,0,0,0,0,0,0,0,0,0,0,0,0,0,0,0,0,0,0,0,0,0,0,0,0,1,0,0,0,0,0,1,0
E67vembOzQEZIa+ZZUOvOIivNMNKuBNdbVk8AEAr0qY=,Page Builder Cards Example | Office of the President,application/x-page,0.997,,,https://president.uconn.edu/page-builder-cards/,5/6/2024 4:26,0,0,0,0,0,0,0,0,0,0,0,0,0,1,0,0,0,0,0,0,0,0,0,0,0,0,0,0,0,0,0,0,0,0,0,0,0,0
hod9qa9cxdlDGxdN+FD47VMcgUPUDvvuE1uIGlJ7YOw=,Page Builder Template | Office of the President,application/x-page,0.997,,,https://president.uconn.edu/page-builder-template/,4/28/2024 22:09,0,0,0,0,0,0,0,0,0,0,0,0,0,1,0,0,0,0,0,0,0,0,0,0,0,0,0,0,0,0,0,0,0,0,0,0,0,0
3VSEHt283UsNvay92aqVEC4cNxyG2+XSka2aDVt2r1A=,Paragraph Headers H1-H6 | Office of the President,application/x-page,1,,,https://president.uconn.edu/paragraph-headers/,5/6/2024 4:26,0,0,0,0,0,0,0,0,0,0,0,0,0,0,0,0,0,0,0,0,0,0,0,0,0,0,0,0,0,0,0,0,0,0,0,0,0,0
sLAcnyl5XDi1ROM9sOjzX/7yXaxVrO/BsxMGZ6QPFAk=,Park-Boush-Lisa_CV_VPRIE-2023.pdf,application/pdf,0.454890627,8/31/2023 4:21,,,6/19/2023 3:28,0,1,0,1,0,0,0,0,0,0,0,0,0,0,0,0,0,0,0,0,0,0,0,0,0,0,0,0,0,0,1,0,0,0,0,1,0,1
2TupRVPQ56eJIA1zgOpFejdac+G6Q8H2Ah0AutCzBEw=,Phased-Return-Goals-and-Plans-President-2020.pdf,application/pdf,0.981,2/18/2024 19:15,,,6/6/2020 17:17,0,0,0,0,0,0,0,0,0,0,0,0,0,0,0,0,0,0,0,0,0,0,0,0,0,0,0,0,0,0,0,0,0,0,0,0,0,1
k1SRvp5+3OXqfk01ZSGkqDe7HjMWPBHH+WWz1HoAzyw=,Phased-Return-Goals-and-Plans-President-2020.pdf,application/pdf,0.981,,,https://draft-president.media.uconn.edu/wp-content/uploads/sites/3778/2024/01/Phased-Return-Goals-and-Plans-President-2020.pdf,6/6/2020 17:17,0,0,0,0,0,0,0,0,0,0,0,0,0,0,0,0,0,0,0,0,0,0,0,0,0,0,0,0,0,0,0,0,0,0,0,0,0,1
oHBCorrJQANgJhvZwzaICrZNbMRobvbEiIOxEICVoq8=,PresMsg061110.pdf,application/pdf,0.069,2/18/2024 19:16,,,3/15/2022 11:31,0,0,0,0,0,0,0,0,0,0,0,0,0,0,0,0,0,0,0,0,0,0,0,0,0,0,0,0,0,0,1,0,0,0,0,0,1,0
5W1oF/ylgImbUip7+HCRGOW2e7V9lX6IeFunjGOlkjU=,PresMsg061110.pdf,application/pdf,0.069,,,https://draft-president.media.uconn.edu/wp-content/uploads/sites/3778/2024/02/PresMsg061110.pdf,3/15/2022 11:31,0,0,0,0,0,0,0,0,0,0,0,0,0,0,0,0,0,0,0,0,0,0,0,0,0,0,0,0,0,0,1,0,0,0,0,0,1,0
PQgI07UnF3bvPefVhYW2ieN1CZCNDo64JTU6VVjS270=,President%E2%80%99s-Police-Advisory-Council-Chief-of-Police-Search.pdf,application/pdf,0.9905,11/30/2020 23:20,,,11/24/2020 4:17,0,0,0,0,0,0,0,0,0,0,0,0,0,0,0,0,0,0,0,0,0,0,0,0,0,0,0,0,0,0,0,0,0,0,0,0,0,1
n6CuuoUlCQaihU5DsSKqZidgqWRIkh3d67807+3EDVg=,President-Biden-Dedication-of-The-Dodd-Center.pdf,application/pdf,0.9905,2/18/2024 19:01,,,11/4/2021 9:28,0,0,0,0,0,0,0,0,0,0,0,0,0,0,0,0,0,0,0,0,0,0,0,0,0,0,0,0,0,0,0,0,0,0,0,0,0,1
uDiBUcHrd6dCiTF9Tds3Cx5NwvYCybcpr+jZuKUaEK8=,President-Biden-Dedication-of-The-Dodd-Center.pdf,application/pdf,1,,,https://draft-president.media.uconn.edu/wp-content/uploads/sites/3778/2024/01/President-Biden-Dedication-of-The-Dodd-Center.pdf,3/25/2024 15:15,0,0,0,0,0,0,0,0,0,0,0,0,0,0,0,0,0,0,0,0,0,0,0,0,0,0,0,0,0,0,0,0,0,0,0,0,0,0
fJOqToT7+y858OGwos/0bg3KcnAo3nBnDRl5q7hzVj0=,Presidents-Advisory-Council-on-Policing.pdf,application/pdf,0.9905,2/18/2024 19:20,,,11/24/2020 4:19,0,0,0,0,0,0,0,0,0,0,0,0,0,0,0,0,0,0,0,0,0,0,0,0,0,0,0,0,0,0,0,0,0,0,0,0,0,1
KM/uo1jHPKjsNYAoqRrRnfo+WI0py9Yu/nzhawx9HQU=,Presidents-Advisory-Council-on-Policing.pdf,application/pdf,0.9905,,,https://draft-president.media.uconn.edu/wp-content/uploads/sites/3778/2024/01/Presidents-Advisory-Council-on-Policing.pdf,11/24/2020 4:19,0,0,0,0,0,0,0,0,0,0,0,0,0,0,0,0,0,0,0,0,0,0,0,0,0,0,0,0,0,0,0,0,0,0,0,0,0,1
TMYbkiWqF4lrH272xZjZ4qywJYekbSBWN5lmVvYSeA0=,Presidents-Police-Advisory-Council-Chief-of-Police-Search.pdf,application/pdf,0.9905,,,https://draft-president.media.uconn.edu/wp-content/uploads/sites/3778/2024/01/Presidents-Police-Advisory-Council-Chief-of-Police-Search.pdf,11/24/2020 4:17,0,0,0,0,0,0,0,0,0,0,0,0,0,0,0,0,0,0,0,0,0,0,0,0,0,0,0,0,0,0,0,0,0,0,0,0,0,1
voVZA6bBHLWk5BzhYjC8tI5i57eRzI9KNErSDerXQ6g=,Presidents-Task-Force-on-Combating-Sexual-Violence-and-Supporting-Our-Students-1.pdf,application/pdf,0.9905,3/2/2022 0:16,,,2/23/2022 6:10,0,0,0,0,0,0,0,0,0,0,0,0,0,0,0,0,0,0,0,0,0,0,0,0,0,0,0,0,0,0,0,0,0,0,0,0,0,1
gh9+cVuZbU9NwSqGE/CYC2qadGEQrB3RFMdH+A6Qvgc=,Presidents-Task-Force-on-Combating-Sexual-Violence-and-Supporting-Our-Students-2.pdf,application/pdf,0.9905,2/18/2024 19:15,,,3/2/2022 0:16,0,0,0,0,0,0,0,0,0,0,0,0,0,0,0,0,0,0,0,0,0,0,0,0,0,0,0,0,0,0,0,0,0,0,0,0,0,1
WjTvNycyWx9kXn4wkE2zKg08CoccOmmbMswFysxrcFI=,Presidents-Task-Force-on-Combating-Sexual-Violence-and-Supporting-Our-Students-2.pdf,application/pdf,1,,,https://draft-president.media.uconn.edu/wp-content/uploads/sites/3778/2024/01/Presidents-Task-Force-on-Combating-Sexual-Violence-and-Supporting-Our-Students-2.pdf,3/18/2024 12:48,0,0,0,0,0,0,0,0,0,0,0,0,0,0,0,0,0,0,0,0,0,0,0,0,0,0,0,0,0,0,0,0,0,0,0,0,0,0
rZ5TQN28ex3HTrK1UucDZzRzZJDOXDr9lVA8DDk6sXc=,Press-release.pdf,application/pdf,0.1165,2/18/2024 19:12,,,3/15/2022 11:32,0,0,0,0,0,0,0,0,0,0,0,0,0,0,0,0,0,0,0,0,0,0,0,0,0,0,0,0,0,0,0,0,0,0,0,0,1,0
MW14EWVJWRAwa0YG0WBjDeG2IVdhUGJMRCm+kLTnt4Y=,Press-release.pdf,application/pdf,0.1165,,,https://draft-president.media.uconn.edu/wp-content/uploads/sites/3778/2024/02/Press-release.pdf,3/15/2022 11:32,0,0,0,0,0,0,0,0,0,0,0,0,0,0,0,0,0,0,0,0,0,0,0,0,0,0,0,0,0,0,0,0,0,0,0,0,1,0
1OJpVoNUIxmghl5ly3+zHIsqBdMkmbjbnWahVdTaBO8=,Rachel Rubin | Office of the President,application/x-page,1,,,https://president.uconn.edu/person/rachel-rubin/,5/6/2024 4:26,0,0,0,0,0,0,0,0,0,0,0,0,0,0,0,0,0,0,0,0,0,0,0,0,0,0,0,0,0,0,0,0,0,0,0,0,0,0
erd2rTv2BCLEP+6eJ72cusb0U+MVbIr6YnTeXhYUvC8=,Radenka-Maric-Resume-.pdf,application/pdf,0.4729875,2/18/2024 19:25,,,2/8/2022 22:16,0,0,0,1,0,0,0,0,0,0,0,0,0,0,0,0,0,0,0,0,0,0,0,0,0,0,0,0,0,0,0,0,0,0,0,1,0,1
HDu3Ajrg1IiSKftNLuxLBIWmQy6IX/Ns+Lkxxar1Qqk=,Radenka-Maric-Resume-.pdf,application/pdf,1,,,https://president.uconn.edu/wp-content/uploads/sites/3778/2024/01/Radenka-Maric-Resume-.pdf,3/18/2024 12:50,0,0,0,0,0,0,0,0,0,0,0,0,0,0,0,0,0,0,0,0,0,0,0,0,0,0,0,0,0,0,0,0,0,0,0,0,0,0
rLBNmO4K6Jt8dXuwQGEGooV+Yw8bAx3Ho5Tmmj0Zr98=,Reminder-Threats-to-Research.pdf,application/pdf,0.9905,2/18/2024 19:14,,,12/22/2020 7:36,0,0,0,0,0,0,0,0,0,0,0,0,0,0,0,0,0,0,0,0,0,0,0,0,0,0,0,0,0,0,0,0,0,0,0,0,0,1
lSNOPZQaL6qP0wP34x9N85jNBGyrjz9GerUHlNg2eYQ=,Reminder-Threats-to-Research.pdf,application/pdf,0.9905,,,https://draft-president.media.uconn.edu/wp-content/uploads/sites/3778/2024/01/Reminder-Threats-to-Research.pdf,12/22/2020 7:36,0,0,0,0,0,0,0,0,0,0,0,0,0,0,0,0,0,0,0,0,0,0,0,0,0,0,0,0,0,0,0,0,0,0,0,0,0,1
OR0huSzD/JlbubBdGSMrskDE1HGErNG5UJdVXJ9KNb0=,SLED-Phase-1-Write-Up-copy.pdf,application/pdf,0.069,2/18/2024 19:01,,,5/9/2023 9:28,0,0,0,0,0,0,0,0,0,0,0,0,0,0,0,0,0,0,0,0,0,0,0,0,0,0,0,0,0,0,1,0,0,0,0,0,1,0
BpzfVa1uz13XuTjG6OujNsYXnR/MXWHEADc4Eesw2VA=,Search-Committee-Chief-University-of-Connecticut-Police-Department.pdf,application/pdf,0.9905,2/18/2024 19:25,,,11/24/2020 4:18,0,0,0,0,0,0,0,0,0,0,0,0,0,0,0,0,0,0,0,0,0,0,0,0,0,0,0,0,0,0,0,0,0,0,0,0,0,1
LvfRVdylBDkj2n0dBh/txuGySqibwZPPnKm/OWizHCs=,Search-Committee-Chief-University-of-Connecticut-Police-Department.pdf,application/pdf,0.9905,,,https://draft-president.media.uconn.edu/wp-content/uploads/sites/3778/2024/01/Search-Committee-Chief-University-of-Connecticut-Police-Department.pdf,11/24/2020 4:18,0,0,0,0,0,0,0,0,0,0,0,0,0,0,0,0,0,0,0,0,0,0,0,0,0,0,0,0,0,0,0,0,0,0,0,0,0,1
T25SeR4bkIrWG+gaNMXhsdwX5IpHl/RMtVHEp1g7qks=,Sexual-Assault-Task-Force_March-2022.pdf,application/pdf,0.337375,2/18/2024 19:01,,,4/1/2022 20:19,1,0,0,1,0,0,0,0,0,0,0,0,0,0,0,0,0,0,0,0,0,0,0,0,0,0,0,0,0,0,0,0,0,0,0,0,0,0
o0TLYMDUeJVT3Rm4W3wX7peJLfKnbpsTxBFGrt+PIrw=,Sexual-Assault-Task-Force_March-2022.pdf,application/pdf,0.337375,,,https://draft-president.media.uconn.edu/wp-content/uploads/sites/3778/2024/01/Sexual-Assault-Task-Force_March-2022.pdf,4/1/2022 20:19,1,0,0,1,0,0,0,0,0,0,0,0,0,0,0,0,0,0,0,0,0,0,0,0,0,0,0,0,0,0,0,0,0,0,0,0,0,0
sqKK52HMmHaakDsGrwL7Ut3G4bmhQBu69+6EZqB8ySM=,Slides-for-all-Recordings-FY25-FY30-Budget-1.pdf,application/pdf,0.567057797,,,https://president.media.uconn.edu/wp-content/uploads/sites/3778/2024/02/Slides-for-all-Recordings-FY25-FY30-Budget-1.pdf,2/25/2024 21:24,1,1,0,0,0,1,0,0,0,0,0,0,0,0,0,0,0,0,0,0,0,0,0,0,0,0,0,0,0,0,0,0,0,0,0,1,0,0
K1hvP1npsW34mFaUw595J6MFJKYy/HlY8TLc1rP3xyE=,Slides-for-all-Recordings-FY25-FY30-Budget.pdf,application/pdf,0.560972676,2/25/2024 21:24,,,2/18/2024 19:17,1,1,0,0,0,1,0,0,0,0,0,0,0,0,0,0,0,0,0,0,0,0,0,0,0,0,0,0,0,0,0,0,0,0,0,1,0,0
+uicgcnwAM9f0ayOiUhcxDfqgnTzwJpsMF7jUl5cojs=,Spring-2021.pdf,application/pdf,0.9905,2/18/2024 19:12,,,1/26/2021 19:41,0,0,0,0,0,0,0,0,0,0,0,0,0,0,0,0,0,0,0,0,0,0,0,0,0,0,0,0,0,0,0,0,0,0,0,0,0,1
WndoOaUnQTcnBjWNq5T4pr4gQrIsCohduTLrD3BZvJg=,Spring-2021.pdf,application/pdf,0.9905,,,https://draft-president.media.uconn.edu/wp-content/uploads/sites/3778/2024/01/Spring-2021.pdf,1/26/2021 19:41,0,0,0,0,0,0,0,0,0,0,0,0,0,0,0,0,0,0,0,0,0,0,0,0,0,0,0,0,0,0,0,0,0,0,0,0,0,1
trwC5QirpbczK5FLVU6LbYkQjuefjk5a2wMuOeuBHjY=,SpringWeekend_41910.pdf,application/pdf,0.069,2/18/2024 19:16,,,3/15/2022 11:33,0,0,0,0,0,0,0,0,0,0,0,0,0,0,0,0,0,0,0,0,0,0,0,0,0,0,0,0,0,0,1,0,0,0,0,0,1,0
jha8tENS5NVRhmo2eARrV9uiLBQX4Qfe00R4wzusw0Q=,SpringWeekend_41910.pdf,application/pdf,0.069,,,https://draft-president.media.uconn.edu/wp-content/uploads/sites/3778/2024/02/SpringWeekend_41910.pdf,3/15/2022 11:33,0,0,0,0,0,0,0,0,0,0,0,0,0,0,0,0,0,0,0,0,0,0,0,0,0,0,0,0,0,0,1,0,0,0,0,0,1,0
oTB0Iqz5f7alQ2DkjcqUJoOEnMYGz8eT5wBfwL4t45U=,Staff | Office of the President,application/x-page,0.998181818,,,https://president.uconn.edu/staff/,5/6/2024 4:25,0,0,0,0,0,0,0,0,0,0,0,0,0,1,0,0,0,0,0,0,0,0,0,0,0,0,0,0,0,0,0,0,0,0,0,0,0,0
VW85ry6GxuxSrwXA4oPfdg6tbqkqYve/u7B+J6pHvtI=,Statement-on-the-U.S.-Supreme-Courts-Dobbs-v.-Jackson-Ruling-Reproductive-Healthcare-at-UConn-Health.pdf,application/pdf,0.9905,2/18/2024 19:23,,,7/14/2022 13:50,0,0,0,0,0,0,0,0,0,0,0,0,0,0,0,0,0,0,0,0,0,0,0,0,0,0,0,0,0,0,0,0,0,0,0,0,0,1
tfsGMd0aQB8TUxElBhLMFZ8rzHNWtGIhldzlkFC1Mjg=,Statement-on-the-U.S.-Supreme-Courts-Dobbs-v.-Jackson-Ruling-Reproductive-Healthcare-at-UConn-Health.pdf,application/pdf,1,,,https://draft-president.media.uconn.edu/wp-content/uploads/sites/3778/2024/01/Statement-on-the-U.S.-Supreme-Courts-Dobbs-v.-Jackson-Ruling-Reproductive-Healthcare-at-UConn-Health.pdf,3/18/2024 12:48,0,0,0,0,0,0,0,0,0,0,0,0,0,0,0,0,0,0,0,0,0,0,0,0,0,0,0,0,0,0,0,0,0,0,0,0,0,0
gP2XXwRQrQ5LAW/fJWuJn7sDQ5tPuHq4/7WMs1/GvUI=,Student-Feedback-For-the-SA-Advocacy-Committee-1-002.pdf,application/pdf,0.069,2/18/2024 19:12,,,5/6/2022 21:20,0,0,0,0,0,0,0,0,0,0,0,0,0,0,0,0,0,0,0,0,0,0,0,0,0,0,0,0,0,0,1,0,0,0,0,0,1,0
FFtB3qY+HfzRYg4lTI6ESYCDjwIAAqUVIxnSC+0MmzU=,Student-Feedback-For-the-SA-Advocacy-Committee-1-002.pdf,application/pdf,0.069,,,https://draft-president.media.uconn.edu/wp-content/uploads/sites/3778/2024/01/Student-Feedback-For-the-SA-Advocacy-Committee-1-002.pdf,5/6/2022 21:20,0,0,0,0,0,0,0,0,0,0,0,0,0,0,0,0,0,0,0,0,0,0,0,0,0,0,0,0,0,0,1,0,0,0,0,0,1,0
j20zP450XQPEp/k14S+QLvKzYHz0+jqL623xxgjAZGo=,Student-Health-and-Wellness.pdf,application/pdf,0.513339575,2/18/2024 19:15,,,5/6/2022 21:20,1,1,0,0,0,1,0,0,0,0,0,0,0,0,0,0,0,0,0,0,0,0,0,0,0,0,0,0,0,0,0,0,0,0,0,0,0,0
7MNfXp0v3al+GDsd9GYZZ7RIwUgLGPw/lH8pHhzh/2Q=,Student-Health-and-Wellness.pdf,application/pdf,0.513339575,,,https://draft-president.media.uconn.edu/wp-content/uploads/sites/3778/2024/01/Student-Health-and-Wellness.pdf,5/6/2022 21:20,1,1,0,0,0,1,0,0,0,0,0,0,0,0,0,0,0,0,0,0,0,0,0,0,0,0,0,0,0,0,0,0,0,0,0,0,0,0
fZyMVv9bvvbqAcezxKkmO3Yl0n0K8OxjiMM33Xdh2aM=,Successfully-Weathering-Adversity.pdf,application/pdf,0.05,2/18/2024 19:16,,,6/6/2020 17:17,0,0,0,0,0,0,0,0,0,0,0,0,0,0,0,0,0,0,0,0,0,0,0,0,0,0,0,0,0,0,1,0,0,0,0,0,1,1
JhbKglmeQz+HIS4Qdx3UTs+V0NNuBvyu91V1OF6bSdk=,Successfully-Weathering-Adversity.pdf,application/pdf,0.05,,,https://draft-president.media.uconn.edu/wp-content/uploads/sites/3778/2024/01/Successfully-Weathering-Adversity.pdf,6/6/2020 17:17,0,0,0,0,0,0,0,0,0,0,0,0,0,0,0,0,0,0,0,0,0,0,0,0,0,0,0,0,0,0,1,0,0,0,0,0,1,1
VUV0FPP+K3a37OmOWXcQB4Kf0q18W2Cxw5cT/Rdojg4=,Susan Locke | Office of the President,application/x-page,1,,,https://president.uconn.edu/person/susan-locke/,5/6/2024 4:25,0,0,0,0,0,0,0,0,0,0,0,0,0,0,0,0,0,0,0,0,0,0,0,0,0,0,0,0,0,0,0,0,0,0,0,0,0,0
fjpFa7SnVHbVPWEdpE7ps3Ur+ZpknhPz7bKYjT8Oo1k=,Sustainability-Letter-President-85.pdf,application/pdf,0.069,2/18/2024 19:26,,,5/9/2023 9:28,0,0,0,0,0,0,0,0,0,0,0,0,0,0,0,0,0,0,0,0,0,0,0,0,0,0,0,0,0,0,1,0,0,0,0,0,1,0
EBx9sKI/Xs5GIHtmGpq5i/OIe1vINFUzei1FJUpnqxI=,Sustainability-Letter-President-85.pdf,application/pdf,0.069,,,https://draft-president.media.uconn.edu/wp-content/uploads/sites/3778/2024/01/Sustainability-Letter-President-85.pdf,5/9/2023 9:28,0,0,0,0,0,0,0,0,0,0,0,0,0,0,0,0,0,0,0,0,0,0,0,0,0,0,0,0,0,0,1,0,0,0,0,0,1,0
PnqANi/3R0zIs/vYWneF2Bt+fm6Z9xG3mfDiXobcvxg=,Sustainability-and-the-Environment-Working-Group.pdf,application/pdf,0.981,2/18/2024 19:01,,,12/11/2019 8:58,0,0,0,0,0,0,0,0,0,0,0,0,0,0,0,0,0,0,0,0,0,0,0,0,0,0,0,0,0,0,0,0,0,0,0,0,0,1
oK+yj5TUPpPQ6f3FfwDXMi7XT7IYcU2ObyK7nF6nV84=,Sustainability-and-the-Environment-Working-Group.pdf,application/pdf,0.981,,,https://draft-president.media.uconn.edu/wp-content/uploads/sites/3778/2024/01/Sustainability-and-the-Environment-Working-Group.pdf,12/11/2019 8:58,0,0,0,0,0,0,0,0,0,0,0,0,0,0,0,0,0,0,0,0,0,0,0,0,0,0,0,0,0,0,0,0,0,0,0,0,0,1
1jg3rFl0Q1vjB2vlUPow0uJrdsF1w1SKRwT9ZM4Ss5w=,Task-Force-for-Combating-Sexual-Violence-Report-2022-1.pdf,application/pdf,0.262734306,2/18/2024 19:16,,,8/7/2022 12:40,1,1,0,1,0,0,0,0,0,0,0,0,0,0,0,0,0,0,0,0,0,0,0,0,0,0,0,0,0,0,0,0,0,0,0,1,0,1
05jYTOT2R5PefaKisnuLptbcUjXaUb2gsAGhla60xzE=,Task-Force-for-Combating-Sexual-Violence-Report-2022-1.pdf,application/pdf,0.953345888,,,https://draft-president.media.uconn.edu/wp-content/uploads/sites/3778/2024/01/Task-Force-for-Combating-Sexual-Violence-Report-2022-1.pdf,3/25/2024 15:15,0,1,0,0,0,0,0,0,0,0,0,0,0,0,0,0,0,0,0,0,0,0,0,0,0,0,0,0,0,0,0,0,0,0,0,0,0,0
pfhAB30xoZ6g/UYmVrLFeRQGBmP3kZCmoeTYSqSVkKE=,Title-IX-process.pdf,application/pdf,0.526403104,2/18/2024 19:12,,,3/15/2022 11:34,1,1,0,0,0,0,0,0,0,0,0,0,0,0,0,0,0,0,0,0,0,0,0,0,0,0,0,0,0,0,0,0,0,0,0,0,0,0
4jdTv1zGAxPQIYeS7jg5QHvHTnWhUkoif8R97IPnq6k=,Title-IX-process.pdf,application/pdf,0.526403104,,,https://draft-president.media.uconn.edu/wp-content/uploads/sites/3778/2024/01/Title-IX-process.pdf,3/15/2022 11:34,1,1,0,0,0,0,0,0,0,0,0,0,0,0,0,0,0,0,0,0,0,0,0,0,0,0,0,0,0,0,0,0,0,0,0,0,0,0
7y0iwhwU/C4Lk9n+8b2kraM4+dhcKMPKBiFqcuHaOCE=,To the University Community on Visual Identity | Office of the President,application/x-page,1,,,https://president.uconn.edu/communications/to-the-university-community-on-visual-identity/,4/28/2024 22:09,0,0,0,0,0,0,0,0,0,0,0,0,0,0,0,0,0,0,0,0,0,0,0,0,0,0,0,0,0,0,0,0,0,0,0,0,0,0
61sUWV+ptXYr4m5cTS0sl2gHKaMwulnMaX81xsVln4c=,To-the-UConn-Community.pdf,application/pdf,0.981,2/18/2024 19:15,,,6/6/2020 17:17,0,0,0,0,0,0,0,0,0,0,0,0,0,0,0,0,0,0,0,0,0,0,0,0,0,0,0,0,0,0,0,0,0,0,0,0,0,1
qaIVd+s6xi/DbJvdGE60WXmNjcJxrb95mayrSVV8vUE=,To-the-UConn-Community.pdf,application/pdf,0.981,,,https://draft-president.media.uconn.edu/wp-content/uploads/sites/3778/2024/01/To-the-UConn-Community.pdf,6/6/2020 17:17,0,0,0,0,0,0,0,0,0,0,0,0,0,0,0,0,0,0,0,0,0,0,0,0,0,0,0,0,0,0,0,0,0,0,0,0,0,1
kqzITXyK1dwDsioYnpak1nv1TdFYVr8ne+IUxNSgwQY=,Together-Call-for-Proposals.pdf,application/pdf,0.069,2/18/2024 19:15,,,9/14/2018 0:59,0,0,0,0,0,0,0,0,0,0,0,0,0,0,0,0,0,0,0,0,0,0,0,0,0,0,0,0,0,0,1,0,0,0,0,0,1,0
mJ4Oxt5FAoEqPbcfls5D8/GGZwA5l6P/jQa0fDfw04w=,Together-Call-for-Proposals.pdf,application/pdf,0.069,,,https://draft-president.media.uconn.edu/wp-content/uploads/sites/3778/2024/01/Together-Call-for-Proposals.pdf,9/14/2018 0:59,0,0,0,0,0,0,0,0,0,0,0,0,0,0,0,0,0,0,0,0,0,0,0,0,0,0,0,0,0,0,1,0,0,0,0,0,1,0
+qTCdn5xjbX+eCUExn7EzqDMm5X85piwW4d8WBu3mdw=,TomK-letter-re-Manfredonia.docx,application/vnd.openxmlformats-officedocument.wordprocessingml.document,0.5261875,2/18/2024 19:13,,,6/6/2020 17:16,0,0,0,1,0,0,0,0,0,0,0,0,0,0,0,0,0,0,0,0,0,0,0,0,0,0,0,0,0,0,0,0,0,0,0,0,0,0
K+/rUcgKTpUMxG3/8A8yIh93CApAhdCIPTrlzmMwO9U=,TomK-letter-re-Manfredonia.docx,application/vnd.openxmlformats-officedocument.wordprocessingml.document,0.5261875,,,https://draft-president.media.uconn.edu/wp-content/uploads/sites/3778/2024/01/TomK-letter-re-Manfredonia.docx,6/6/2020 17:16,0,0,0,1,0,0,0,0,0,0,0,0,0,0,0,0,0,0,0,0,0,0,0,0,0,0,0,0,0,0,0,0,0,0,0,0,0,0
aLcfsjecllqC7Og2g82PcR1IiPoHWcuGnMWeSsqftMk=,UCHC_Bill_050410.pdf,application/pdf,0.069,2/18/2024 19:14,,,3/15/2022 11:34,0,0,0,0,0,0,0,0,0,0,0,0,0,0,0,0,0,0,0,0,0,0,0,0,0,0,0,0,0,0,1,0,0,0,0,0,1,0
qcpK1X42wH/b7m3Flyth7g37rVJSaYnfKI5q1cL76N0=,UCHC_Bill_050410.pdf,application/pdf,0.069,,,https://draft-president.media.uconn.edu/wp-content/uploads/sites/3778/2024/01/UCHC_Bill_050410.pdf,3/15/2022 11:34,0,0,0,0,0,0,0,0,0,0,0,0,0,0,0,0,0,0,0,0,0,0,0,0,0,0,0,0,0,0,1,0,0,0,0,0,1,0
4ZuYAuExt4e8QUsgTzhnfnNi56Gmg7w6galoMFU/fRk=,UConn-Appropriations-Testimony-2.15.23.pdf,application/pdf,0.514445231,2/18/2024 19:12,,,2/25/2023 23:23,1,1,0,0,0,1,0,0,0,0,0,0,0,0,0,0,0,0,0,0,0,0,0,0,0,0,0,0,0,0,0,0,0,0,0,0,0,1
9bZ465yxPz4YSDEzFtmGUrmtXbuMoStiLnc8UmW7OjA=,UConn-Appropriations-Testimony-2.15.23.pdf,application/pdf,0.82241017,,,https://draft-president.media.uconn.edu/wp-content/uploads/sites/3778/2024/01/UConn-Appropriations-Testimony-2.15.23.pdf,3/25/2024 15:16,1,1,0,0,0,0,0,0,0,0,0,0,0,0,0,0,0,0,0,0,0,0,0,0,0,0,0,0,0,0,0,0,0,0,0,0,0,0
EU5pj7BhZU3v23Mp9ivQ3REjO1xCpqZHGC4p+6raeiY=,UConn-Commitments_Health-Promoting-University_April-2024.pdf,application/pdf,1,,,https://president.media.uconn.edu/wp-content/uploads/sites/3778/2024/04/UConn-Commitments_Health-Promoting-University_April-2024.pdf,4/21/2024 17:23,0,0,0,0,0,0,0,0,0,0,0,0,0,0,0,0,0,0,0,0,0,0,0,0,0,0,0,0,0,0,0,0,0,0,0,0,0,0
Tt+Kt5Y433H2VODU65PGfPXKAO6+W1xlkY/zc7a8I3o=,UConn-Health-Appropriations-Testimony-2.15.23.pdf,application/pdf,0.518085803,2/18/2024 19:01,,,2/25/2023 23:24,1,1,0,0,0,1,0,0,0,0,0,0,0,0,0,0,0,0,0,0,0,0,0,0,0,0,0,0,0,0,0,0,0,0,0,0,0,1
eMozP3cXKDKkdMLQ7QNIW/UyDUWJTdXHSmoQNbXHHh0=,UConn-Health-Appropriations-Testimony-2.15.23.pdf,application/pdf,0.824801656,,,https://draft-president.media.uconn.edu/wp-content/uploads/sites/3778/2024/01/UConn-Health-Appropriations-Testimony-2.15.23.pdf,3/25/2024 15:16,1,1,0,0,0,0,0,0,0,0,0,0,0,0,0,0,0,0,0,0,0,0,0,0,0,0,0,0,0,0,0,0,0,0,0,0,0,0
3Jm+VtS1/BEsBH6B+qLlebEdil1ft9HaIwAOxp2BLLU=,UConn-Key-Fact-Sheet-2017.pdf,application/pdf,0.51560356,2/18/2024 19:15,,,3/15/2022 11:34,1,1,0,0,0,0,0,0,0,0,0,0,0,0,0,0,0,0,0,0,0,0,0,0,0,0,0,0,0,0,0,0,0,0,0,0,0,1
TgSkaSIKvP5HO+rZZp0w9cXlBMlvYTbEDE4LpLin698=,UConn-Key-Fact-Sheet-2017.pdf,application/pdf,0.51560356,,,https://draft-president.media.uconn.edu/wp-content/uploads/sites/3778/2024/01/UConn-Key-Fact-Sheet-2017.pdf,3/15/2022 11:34,1,1,0,0,0,0,0,0,0,0,0,0,0,0,0,0,0,0,0,0,0,0,0,0,0,0,0,0,0,0,0,0,0,0,0,0,0,1
Jdr/xeP/dbd9NkbQmUV2lmO4fc9GM6f6KPXBnGLJoUc=,UConn-Reads-Letter.pdf,application/pdf,0.9905,2/18/2024 19:12,,,10/28/2020 6:07,0,0,0,0,0,0,0,0,0,0,0,0,0,0,0,0,0,0,0,0,0,0,0,0,0,0,0,0,0,0,0,0,0,0,0,0,0,1
vLnVsQJniT5uSGzitMptTUMVkfx/lIJ9ZyyaiKGbw7w=,UConn-Reads-Letter.pdf,application/pdf,0.9905,,,https://draft-president.media.uconn.edu/wp-content/uploads/sites/3778/2024/01/UConn-Reads-Letter.pdf,10/28/2020 6:07,0,0,0,0,0,0,0,0,0,0,0,0,0,0,0,0,0,0,0,0,0,0,0,0,0,0,0,0,0,0,0,0,0,0,0,0,0,1
fwDjCG4FiaSjVUYmy1G3Bc10glMU5m3OhWk2j3+MLSM=,UConn-UCH-Budget-Presentation-to-Board-of-Trustees-Financial-Affairs.pdf,application/pdf,0.513687179,,,https://bpir.uconn.edu/wp-content/uploads/sites/3452/2023/06/UConn-UCH-Budget-Presentation-to-Board-of-Trustees-Financial-Affairs.pdf,7/16/2023 11:41,1,1,0,0,0,1,0,0,0,0,0,0,0,0,0,0,0,0,0,0,0,0,0,0,0,0,0,0,0,0,1,0,0,0,0,1,0,0
CsYl2K8gEumKmMsr30ZpCL6nIR+NDRUE+PIMfTJrYY0=,University of Connecticut Office of the President | Biography,application/x-page,1,2/18/2024 19:26,,,2/5/2024 1:14,0,0,0,0,0,0,0,0,0,0,0,0,0,0,0,0,0,0,0,0,0,0,0,0,0,0,0,0,0,0,0,0,0,0,0,0,0,0
LpKPSwFVgOjOByIZu27lwjDj2IxOM4KMGTdNVPcXUEk=,University of Connecticut Office of the President | Communications,application/x-page,0.5,2/2/2021 23:02,,,1/26/2021 19:41,0,0,0,0,0,0,1,0,0,0,0,0,0,0,0,0,0,0,0,0,0,0,0,0,0,0,0,0,0,0,0,0,0,0,0,0,0,0
wlOj8ieyD+sGexlE0KXOcB8t61uZGKrkNWzuWkqvp78=,University of Connecticut Office of the President | Communications Archive,application/x-page,0.5,2/18/2024 19:14,,,2/12/2024 4:54,0,0,0,0,0,0,1,0,0,0,0,0,0,0,0,0,0,0,0,0,0,0,0,0,0,0,0,0,0,0,0,0,0,0,0,0,0,0
4CqQBW/Dmz3Yih5ABDBRp76s7cFguE61qUoKLeDWXvU=,University of Connecticut Office of the President | Employee Recognition Awards,application/x-page,1,2/2/2021 22:56,,,1/26/2021 19:41,0,0,0,0,0,0,0,0,0,0,0,0,0,0,0,0,0,0,0,0,0,0,0,0,0,0,0,0,0,0,0,0,0,0,0,0,0,0
/nYwUYZ4iseZczAiqlZaAs2BbepAvya53iUpj7lIzsQ=,University of Connecticut Office of the President | Employee Recognition Awards,application/x-page,1,4/20/2021 23:16,,,2/12/2021 9:39,0,0,0,0,0,0,0,0,0,0,0,0,0,0,0,0,0,0,0,0,0,0,0,0,0,0,0,0,0,0,0,0,0,0,0,0,0,0
up/c/n4+s7vzcIeg7zG7zo0GJKAc6budBprxoFGygNA=,University of Connecticut Office of the President | History,application/x-page,1,2/2/2021 22:55,,,1/19/2021 20:40,0,0,0,0,0,0,0,0,0,0,0,0,0,0,0,0,0,0,0,0,0,0,0,0,0,0,0,0,0,0,0,0,0,0,0,0,0,0
SGoOpUOh9uS8StG3YDP36ZBn2k9XWz3BOfnWhTS9FQE=,University of Connecticut Office of the President | Inaugural Program,application/x-page,1,12/24/2023 20:32,,,12/16/2023 9:12,0,0,0,0,0,0,0,0,0,0,0,0,0,0,0,0,0,0,0,0,0,0,0,0,0,0,0,0,0,0,0,0,0,0,0,0,0,0
2KJCd2gj8HPmM64TXyNsn35nbQrg8wMDG9sLQbJ+tmk=,University of Connecticut Office of the President | Inauguration,application/x-page,0.905695029,10/31/2019 21:00,,,10/16/2019 7:07,0,0,0,0,0,0,0,0,1,0,0,0,0,0,0,1,0,0,0,0,0,0,0,0,0,0,0,0,0,0,0,0,0,0,0,0,0,0
QMSz/Y8bAEopcAbOkpDH1DNeZ2JpUky95ZXE/UFnaJI=,University of Connecticut Office of the President | Inauguration,application/x-page,1,12/24/2023 20:34,,,12/16/2023 9:13,0,0,0,0,0,0,0,0,0,0,0,0,0,0,0,0,0,0,0,0,0,0,0,0,0,0,0,0,0,0,0,0,0,0,0,0,0,0
uZC2nGU+79rV+G63mLnOBcJUQr5qPdb8bkfRQrjjCXo=,University of Connecticut Office of the President | Inauguration RSVP,application/x-page,1,10/7/2023 11:36,,,9/29/2023 9:55,0,0,0,0,0,0,0,0,0,0,0,0,0,0,0,0,0,0,0,0,0,0,0,0,0,0,0,0,0,0,0,0,0,0,0,0,0,0
v1/pS3Wv3FNob0uQHqEtnbmyos0epph0pDWcqG/bEmc=,University of Connecticut Office of the President | Mission,application/x-page,1,2/3/2021 0:43,,,1/19/2021 20:39,0,0,0,0,0,0,0,0,0,0,0,0,0,0,0,0,0,0,0,0,0,0,0,0,0,0,0,0,0,0,0,0,0,0,0,0,0,0
yjWEQG2qOgZvzlfwCZUsb/+iKb87S+wliaZN9UNkj5A=,University of Connecticut Office of the President | Staff,application/x-page,1,2/2/2021 23:02,,,1/19/2021 20:40,0,0,0,0,0,0,0,0,0,0,0,0,0,0,0,0,0,0,0,0,0,0,0,0,0,0,0,0,0,0,0,0,0,0,0,0,0,0
M/Ht0fF5JP4zLvTyC/OGm9fXGDw3rus/Vixk2I+STTY=,University of Connecticut Office of the President | To the University Community: Visual Identity,application/x-page,1,2/18/2024 19:02,,,2/12/2024 5:34,0,0,0,0,0,0,0,0,0,0,0,0,0,0,0,0,0,0,0,0,0,0,0,0,0,0,0,0,0,0,0,0,0,0,0,0,0,0
XzG2rxKJcTzqhDUIclTO7Xc5QhOEKGv1lzBi35SbdQI=,University of Connecticut Office of the President | Values,application/x-page,1,2/3/2021 0:41,,,1/19/2021 20:39,0,0,0,0,0,0,0,0,0,0,0,0,0,0,0,0,0,0,0,0,0,0,0,0,0,0,0,0,0,0,0,0,0,0,0,0,0,0
FkT1URqdmkYXnobo0aRhSi7g2J/eEO1p4Oxf8JHgkpo=,University of Connecticut Office of the President | Values,application/x-page,1,7/6/2021 20:07,,,6/15/2021 22:32,0,0,0,0,0,0,0,0,0,0,0,0,0,0,0,0,0,0,0,0,0,0,0,0,0,0,0,0,0,0,0,0,0,0,0,0,0,0
TnhU3I5TqcawsjrHDUW+V+3ldHarMMY2JdRy9a16MnM=,Victim-Support-Services.pdf,application/pdf,0.597242259,2/18/2024 19:16,,,5/6/2022 21:20,1,1,0,0,0,0,0,0,0,0,0,0,0,0,0,0,0,0,0,0,0,0,0,0,0,0,0,0,0,0,0,0,0,0,0,0,0,0
EIXPFmttb82bpHeUrPThbfTUBQk/8QjkSAtCf1RJi8U=,Victim-Support-Services.pdf,application/pdf,0.597242259,,,https://draft-president.media.uconn.edu/wp-content/uploads/sites/3778/2024/01/Victim-Support-Services.pdf,5/6/2022 21:20,1,1,0,0,0,0,0,0,0,0,0,0,0,0,0,0,0,0,0,0,0,0,0,0,0,0,0,0,0,0,0,0,0,0,0,0,0,0
OBk8mtd6J2F5ZfTFe1z6PtJq5Rsl4QQPUZs5mz61BN4=,WHCelebration2010.pdf,application/pdf,0,2/18/2024 19:15,,,3/15/2022 11:31,0,0,0,0,0,0,0,0,0,0,0,0,0,0,0,0,0,0,0,0,0,0,0,0,0,0,0,0,0,0,0,0,0,1,0,0,0,0
Gd13GRcBTohm8axo8Qp1r9nB/tIjI4ev543AcJRP8HY=,WHCelebration2010.pdf,application/pdf,0,,,https://draft-president.media.uconn.edu/wp-content/uploads/sites/3778/2024/01/WHCelebration2010.pdf,3/15/2022 11:31,0,0,0,0,0,0,0,0,0,0,0,0,0,0,0,0,0,0,0,0,0,0,0,0,0,0,0,0,0,0,0,0,0,1,0,0,0,0
SxUkmT5rayztn4Kqm8xQZLRkV5YZ25nBWWu7WglnhJI=,Week-10-Fall-2023-Semester-Summary.pdf,application/pdf,0.94518211,2/18/2024 19:22,,,12/16/2023 9:13,1,1,0,0,0,0,0,0,0,0,0,0,0,0,0,0,0,0,0,0,0,0,0,0,0,0,0,0,0,0,0,0,0,0,0,0,0,0
LXYZCaCPVbZA+lFrvyMc7Xfvx4RKM8v6GZi55ml6zqE=,Week-10-Fall-2023-Semester-Summary.pdf,application/pdf,0.94518211,,,https://draft-president.media.uconn.edu/wp-content/uploads/sites/3778/2024/01/Week-10-Fall-2023-Semester-Summary.pdf,12/16/2023 9:13,1,1,0,0,0,0,0,0,0,0,0,0,0,0,0,0,0,0,0,0,0,0,0,0,0,0,0,0,0,0,0,0,0,0,0,0,0,0
prBabR6QPLkowoMJsxegekZZ9ZfWZD5eRmnEG2c1yH8=,Week-9-Greenhouse-Gas-Data-and-Tracking.pdf.pdf,application/pdf,0.944201829,2/18/2024 19:25,,,12/16/2023 9:15,1,1,0,0,0,0,0,0,0,0,0,0,0,0,0,0,0,0,0,0,0,0,0,0,0,0,0,0,0,0,0,0,0,0,0,0,0,0
5uNlmPEbjkujyrpxQLfMVANnRF/7yPktM/RitqgXVsw=,Week-9-Greenhouse-Gas-Data-and-Tracking.pdf.pdf,application/pdf,0.944201829,,,https://draft-president.media.uconn.edu/wp-content/uploads/sites/3778/2024/01/Week-9-Greenhouse-Gas-Data-and-Tracking.pdf.pdf,12/16/2023 9:15,1,1,0,0,0,0,0,0,0,0,0,0,0,0,0,0,0,0,0,0,0,0,0,0,0,0,0,0,0,0,0,0,0,0,0,0,0,0
XFxPZkVzuh6iqdykfA8comy/+Y7zbtYSdi+5sVuO42U=,Who-We-Are_select-slides.pdf,application/pdf,0.05,2/18/2024 19:23,,,2/25/2023 23:22,0,1,0,0,0,0,0,0,0,0,0,0,0,0,0,0,0,0,0,0,0,0,0,0,0,0,0,0,0,0,1,0,0,0,0,0,1,1
0dhsrEhOCRguNI6vftSl/GOnuU02zsvqdw6Dq8ELp68=,Who-We-Are_select-slides.pdf,application/pdf,0.85562931,,,https://draft-president.media.uconn.edu/wp-content/uploads/sites/3778/2024/01/Who-We-Are_select-slides.pdf,3/25/2024 14:52,1,1,0,0,0,0,0,0,0,0,0,0,0,0,0,0,0,0,0,0,0,0,0,0,0,0,0,0,0,0,0,0,0,0,0,0,0,0
COjZ8Of8ijitxKWOtQ6kuK3bbvbr+x4aHojGIzqDbyY=,Womens-Center-Support-Resources.ppt.pdf,application/pdf,0.921929308,2/18/2024 19:16,,,5/6/2022 21:21,0,1,0,0,0,0,0,0,0,0,0,0,0,0,0,0,0,0,0,0,0,0,0,0,0,0,0,0,0,0,0,0,0,0,0,0,0,0
JomnZNhS9yRsqmeE/RZ/Tviu26tZDkLZX/hNsFVE6F8=,Womens-Center-Support-Resources.ppt.pdf,application/pdf,0.921929308,,,https://draft-president.media.uconn.edu/wp-content/uploads/sites/3778/2024/01/Womens-Center-Support-Resources.ppt.pdf,5/6/2022 21:21,0,1,0,0,0,0,0,0,0,0,0,0,0,0,0,0,0,0,0,0,0,0,0,0,0,0,0,0,0,0,0,0,0,0,0,0,0,0
a1J5vtAgWFxb7yx5O0uSMm2CBMv9Q4hIpWo72duG2Wo=,agwunobi-andrew-160927b0102-scaled.jpg,image/jpeg,1,2/8/2022 22:17,,,7/6/2021 20:06,0,0,0,0,0,0,0,0,0,0,0,0,0,0,0,0,0,0,0,0,0,0,0,0,0,0,0,0,0,0,0,0,0,0,0,0,0,0
Cl/Yx3CaH8Vny7JndmHaZuf5zwL/dDD+YZfut4S7fDg=,agwunobi-andrew-20200124-encarnacion-9849-scaled.jpg,image/jpeg,1,2/8/2022 22:15,,,7/6/2021 17:55,0,0,0,0,0,0,0,0,0,0,0,0,0,0,0,0,0,0,0,0,0,0,0,0,0,0,0,0,0,0,0,0,0,0,0,0,0,0
5hynnrObOkbB/egDMPSjdXugerp1H/kGeYb/CzZDfXU=,faculty-presentations-program-bios.pdf,application/pdf,0.095942882,10/31/2019 20:57,,,9/25/2019 5:48,0,1,0,0,0,0,0,0,0,0,0,0,0,0,0,0,0,0,0,0,0,0,0,0,0,0,0,0,0,0,0,0,0,0,0,0,1,1
e+QKq6e2gwJkf2dMlVirgI8jx8Ub3Pnc+nDSLIgiSH0=,fall-2021-reentry-communication.pdf,application/pdf,0.5266625,2/18/2024 19:15,,,4/7/2021 2:18,0,0,0,1,0,0,0,0,0,0,0,0,0,0,0,0,0,0,0,0,0,0,0,0,0,0,0,0,0,0,0,0,0,0,0,0,0,1
RQzryY43jvSCfZI8LxLbtoKreTeSoikiSrLv0LLeY2Q=,fall-2021-reentry-communication.pdf,application/pdf,0.5266625,,,https://draft-president.media.uconn.edu/wp-content/uploads/sites/3778/2024/01/fall-2021-reentry-communication.pdf,4/7/2021 2:18,0,0,0,1,0,0,0,0,0,0,0,0,0,0,0,0,0,0,0,0,0,0,0,0,0,0,0,0,0,0,0,0,0,0,0,0,0,1
6+gNcing5fckqscIZ06FYJO9vZxw8yB8DwLOAKBAaMs=,ltr052411.pdf,application/pdf,0,2/18/2024 19:15,,,3/15/2022 11:34,0,0,0,0,0,0,0,0,0,0,0,0,0,0,0,0,0,0,0,0,0,0,0,0,0,0,0,0,0,0,0,0,0,1,0,0,0,0
lRMXfrv+XohCljnofsVp3eJGzWK3O4q3VFmg+ZONVtg=,ltr052411.pdf,application/pdf,0,,,https://draft-president.media.uconn.edu/wp-content/uploads/sites/3778/2024/02/ltr052411.pdf,3/15/2022 11:34,0,0,0,0,0,0,0,0,0,0,0,0,0,0,0,0,0,0,0,0,0,0,0,0,0,0,0,0,0,0,0,0,0,1,0,0,0,0
vB55jt+sj9XhPoV8OIXhDsw5oouWTjW5NoSeJM7mLvo=,ltr101910.pdf,application/pdf,0,2/18/2024 19:13,,,3/15/2022 11:31,0,0,0,0,0,0,0,0,0,0,0,0,0,0,0,0,0,0,0,0,0,0,0,0,0,0,0,0,0,0,0,0,0,1,0,0,0,0
5WdTiIuVz/BRwWUvJ63QiNt8mb1tmh8dItR4NGK87Bo=,ltr101910.pdf,application/pdf,0,,,https://draft-president.media.uconn.edu/wp-content/uploads/sites/3778/2024/02/ltr101910.pdf,3/15/2022 11:31,0,0,0,0,0,0,0,0,0,0,0,0,0,0,0,0,0,0,0,0,0,0,0,0,0,0,0,0,0,0,0,0,0,1,0,0,0,0
baUSFa/PAxEPLS0QvpX2iRxgNwIAAmaZQbmY3eFZIhE=,ltr12909.pdf,application/pdf,0.1165,2/18/2024 19:25,,,3/15/2022 11:32,0,0,0,0,0,0,0,0,0,0,0,0,0,0,0,0,0,0,0,0,0,0,0,0,0,0,0,0,0,0,0,0,0,0,0,0,1,0
SoVCkUsThpwHQaKcxxmObLswnW6IO2BbAqMaJd+aDXQ=,par2010.pdf,application/pdf,0.253507628,2/18/2024 19:16,,,3/15/2022 11:33,1,1,0,1,0,0,0,0,0,0,0,0,0,0,0,0,0,0,0,0,0,0,0,0,0,0,0,0,0,0,1,0,0,0,0,0,0,1
iphrDmws7ofKZ6GrZdlTV6W6GgVRbx1RJi26wsTe034=,par2010.pdf,application/pdf,0.253497081,,,https://draft-president.media.uconn.edu/wp-content/uploads/sites/3778/2024/02/par2010.pdf,2/18/2024 19:24,1,1,0,1,0,0,0,0,0,0,0,0,0,0,0,0,0,0,0,0,0,0,0,0,0,0,0,0,0,0,1,0,0,0,0,0,0,1
/JPl1VbIMNreZUKoVftj4vWbSxizCtwcHqxyYRbfK5c=,president-covid-spending-policy.pdf,application/pdf,0.05,2/18/2024 19:16,,,6/6/2020 17:16,0,0,0,0,0,0,0,0,0,0,0,0,0,0,0,0,0,0,0,0,0,0,0,0,0,0,0,0,0,0,1,0,0,0,0,0,1,1
YywXynueq1SyDFzx86Zy6ZHLwQss+PVj7KTZDovojDY=,president-covid-spending-policy.pdf,application/pdf,0.05,,,https://draft-president.media.uconn.edu/wp-content/uploads/sites/3778/2024/01/president-covid-spending-policy.pdf,6/6/2020 17:16,0,0,0,0,0,0,0,0,0,0,0,0,0,0,0,0,0,0,0,0,0,0,0,0,0,0,0,0,0,0,1,0,0,0,0,0,1,1
Ti7VsBgrH5cMMT/BG3WpfnWEjhOsFRU46gr89WDxsvM=,prez-mhogan-msg-community-jasperhoward.pdf,application/pdf,0.0975,2/18/2024 19:15,,,3/15/2022 11:33,0,0,0,0,0,0,0,0,0,0,0,0,0,0,0,0,0,0,0,0,0,0,0,0,0,0,0,0,0,0,0,0,0,0,0,0,1,1
yTaVAbUejqbVNWsOifoo6+SxFrnGeVPlyfEhwr0X+Wo=,prez-mhogan-msg-community-jasperhoward.pdf,application/pdf,0.0975,,,https://draft-president.media.uconn.edu/wp-content/uploads/sites/3778/2024/02/prez-mhogan-msg-community-jasperhoward.pdf,3/15/2022 11:33,0,0,0,0,0,0,0,0,0,0,0,0,0,0,0,0,0,0,0,0,0,0,0,0,0,0,0,0,0,0,0,0,0,0,0,0,1,1
ilec6t/ajWaDkLNvySugue+y5E+aECLtIJrOY0n6Ndc=,prez-mhogan-msg-honoring-jasperhoward.pdf,application/pdf,0.0967649,2/18/2024 19:16,,,3/15/2022 11:33,0,1,0,0,0,0,0,0,0,0,0,0,0,0,0,0,0,0,0,0,0,0,0,0,0,0,0,0,0,0,0,0,0,0,0,0,1,1
bOH7JH+aLDAEFwvMbco2o/NOoyXdEtFaJ1pXzGtmo0g=,prez-mhogan-msg-honoring-jasperhoward.pdf,application/pdf,0.0967649,,,https://draft-president.media.uconn.edu/wp-content/uploads/sites/3778/2024/02/prez-mhogan-msg-honoring-jasperhoward.pdf,3/15/2022 11:33,0,1,0,0,0,0,0,0,0,0,0,0,0,0,0,0,0,0,0,0,0,0,0,0,0,0,0,0,0,0,0,0,0,0,0,0,1,1
H4LRm0siF80HZg5tEa0XAEC7PDZyRQ6EoOIrTyjb04Q=,recommendations-chart,application/pdf,0.519976284,,,https://studentaffairs.uconn.edu/task-force-combating-sexual-violence-supporting-our-students/recommendations-chart/,3/6/2023 12:27,0,1,0,1,0,0,0,0,0,0,0,0,0,0,0,0,0,0,0,0,0,0,0,0,0,0,0,0,0,0,0,0,0,0,0,0,0,1
jtgc9RrRNHQLJpcCbuDqhDXx6LyMdJXkMMb0GXrlSl4=,sotu20120405.pdf,application/pdf,0.981,2/18/2024 19:23,,,9/11/2019 1:46,0,0,0,0,0,0,0,0,0,0,0,0,0,0,0,0,0,0,0,0,0,0,0,0,0,0,0,0,0,0,0,0,0,0,0,0,0,1
y/3xG0/kZr4XKEOyNwQ1x56lJrMWc5T9VBHsXv+cIhs=,sotu20120405.pdf,application/pdf,0.981,,,https://draft-president.media.uconn.edu/wp-content/uploads/sites/3778/2024/02/sotu20120405.pdf,9/11/2019 1:46,0,0,0,0,0,0,0,0,0,0,0,0,0,0,0,0,0,0,0,0,0,0,0,0,0,0,0,0,0,0,0,0,0,0,0,0,0,1
zUD+CzRfQ2RB7Jp8uaR4ZPcfG5QW/0wMGRP5Q5r6raY=,sotu20130404.pdf,application/pdf,0.5171625,2/18/2024 19:01,,,3/15/2022 11:35,0,0,0,1,0,0,0,0,0,0,0,0,0,0,0,0,0,0,0,0,0,0,0,0,0,0,0,0,0,0,0,0,0,0,0,0,0,1
908ieCoZw9RAOgBccNxcXiPTTS1c1fdxacRGhveeUNo=,sotu20130404.pdf,application/pdf,0.5171625,,,https://draft-president.media.uconn.edu/wp-content/uploads/sites/3778/2024/02/sotu20130404.pdf,3/15/2022 11:35,0,0,0,1,0,0,0,0,0,0,0,0,0,0,0,0,0,0,0,0,0,0,0,0,0,0,0,0,0,0,0,0,0,0,0,0,0,1
